smiles,bbbp
N#CC12CC1CO2,0.008785534650087357
COCC(O)C#CC=O,0.9546679258346558
COC1C2CC(=NO)C12,0.8266584277153015
CC(CC=O)OCC#C,0.9742439985275269
COC(=N)N1CCC1=N,0.9974730610847473
CC1(CN1)C#CCO,0.07876287400722504
CCC1CNC(=O)CN1,0.8696666359901428
CC(C)N(C)C(C)C#N,0.9294465184211731
CC1(O)C2CC1C(=O)O2,0.004408813081681728
CCC1C2OC2C1O,0.4203770160675049
N=C1NC(CC1=O)C=O,0.37302452325820923
CC(O)C1OC1(C)C,0.8957324624061584
CCC12CC3C(C13)C2O,0.9289734363555908
CC1C2C1C1(C)C2N1C,0.988686203956604
CC1=COC(=N)NC1=O,0.9433240294456482
CC(=O)C1(C)NC1C#C,0.7135423421859741
C1CN(C1=O)C(=O)C=O,0.99527907371521
C#CCN1C2C3OC3C12,0.9524371027946472
OC1CC2(COC2=N)C1,0.5211443901062012
C1CC1N=C2CN=CN2,0.18388813734054565
COc1cc(n[nH]1)O,0.39803990721702576
CCOC1=NCC2OC12,0.8572003245353699
CC12CC1C1OC1C2O,0.5948396325111389
CN1C2C(O)C2NC1=O,0.02752039209008217
CC(=NC)OCCC#C,0.9962626099586487
CC1=NCC(CCO)O1,0.8563606142997742
CC1OC2(CC2)CC1O,0.7401793599128723
CC(C)C(C)NC(N)=O,0.8046574592590332
CC1(O)C2CC=CCC12,0.6019032597541809
CC12OC1C(=O)CC2O,0.257454514503479
N=C1OC2C3OC2C13,0.14680497348308563
OC1C2CCC2C1C#N,0.1266470104455948
CC12CCC(OC1)C2O,0.5583061575889587
CC(=O)C1(C)C2CCC12,0.5653200745582581
O=CNC12C3C4C1N4C23,0.9925151467323303
CC(=O)C(=O)OCC=O,0.9976000189781189
NC=[NH+]C1=C([O-])OC=C1,0.3929591476917267
O=CC12CC3C1CCN23,0.6864974498748779
CC1CC(O)(CC#C)C1,0.8789399266242981
C#CC1CC1C1CO1,0.6214685440063477
OCC12C(O)C1CC2=O,0.24046014249324799
CCC1C2C3OC1C23C,0.9062676429748535
CC1=NC(F)=NC(=N)O1,0.8585973978042603
CC1(O)CC1(O)CCO,0.10771174728870392
C1CC(C1)C1COC=N1,0.9117727279663086
CC12CCC3(C)C1CC23,0.8436824679374695
OC(CC1CC1O)C=O,0.315532386302948
CC1=CC(O)CC(=O)C1,0.7023747563362122
CC1C2COC3(CC3)C12,0.820975124835968
COC1(C)CCNC1=O,0.9192628264427185
CCCC(O)C#CC=O,0.8484553694725037
NC1=NC=NC(=N)C=N1,0.6801003217697144
C1C2COC3OC12C=C3,0.3255118727684021
CC(COC1CC1)C=O,0.3852319121360779
C1C2C3OC1OC=NC23,0.22389835119247437
C1COCc2c1[nH]nn2,0.9342076182365417
OC12C3C4C(C1N34)C2=O,0.937751293182373
c1cn(nc1C#N)C=O,0.1895044893026352
O=CC1C2CCOC12,0.4313293397426605
OCC(=O)CC1CCO1,0.6806159615516663
CC#CCCC1(CC1)O,0.7835080027580261
CC(C#N)C#N,0.7547034621238708
COCC1(CN1)C(N)=O,0.9011105298995972
COC(CO)C(O)C=O,0.9146090745925903
C#CC1(CO1)C1CC1,0.551064670085907
OC1CC2C3CC=C1C23,0.3346114158630371
O=CC1COCOC=N1,0.9737344980239868
CCCC#CC1OC1C,0.9495669007301331
NC1=NC(C=O)C(=O)N1,0.11953113228082657
CNc1c2n(cn1)CC2,0.9160897135734558
CC12NC1CC(O)C=C2,0.5184438228607178
C1OC1C12CCC1CO2,0.6380441784858704
O=C1NC2C3OCC1C23,0.07194451242685318
c1nc2c(o1)nc([nH]2)N,0.24139189720153809
CCOC(C)C1CC1,0.9654293656349182
CC12NC1CCCC2=O,0.8506847023963928
CCC1C2OC1C2(C)C,0.8648409843444824
Cc1c(nco1)OC=O,0.6062809228897095
CC12CC3(C1)OC(=N)C23,0.9527224898338318
CC1CCCC1CC#C,0.8458980917930603
C1CC1N(C=O)C(=O)N,0.9648798108100891
O=C1CC23CCC12OC3,0.8301705718040466
CCC12CCC3C1CC23,0.8714375495910645
N=C1N=NN(C=O)N=N1,0.958014965057373
CN(C)c1cnon1,0.8484951853752136
Cc1c(n[nH]n1)C(=O)N,0.9638302326202393
CC1=CC2C3CCC2C13,0.821456253528595
CCOCCC(F)(F)F,0.9958360195159912
COC(C)C(C)CO,0.8931025862693787
CC#CC1CC1C(N)=O,0.25065791606903076
Cc1ccnc(c1O)O,0.14253517985343933
CC1=CC(=N)ON=C1N,0.9683991074562073
CC1CC2C1C2C(C)=O,0.8981398344039917
OC1C(O)C1(C)C1CC1,0.4757470488548279
Cn1cncc1CC=O,0.9390443563461304
OC1C(O)C2(O)CCC12,0.08394762873649597
CN1CC1CNC(N)=O,0.9544327855110168
CC12C3CC(C1O)C2O3,0.22919079661369324
CCC(=O)C(=NC)NC,0.9811941981315613
CC(O)C1(CN1)C1CC1,0.6697444319725037
CCC12CN3C1C(O)C23,0.9435466527938843
CCC1CC2(CC2O)C1,0.9373875260353088
CC1=CC2CCC1OC2,0.6527783274650574
O=CC1OC2CCOC12,0.8429993987083435
CC12NC1(C#N)C1CC21,0.16814036667346954
CC12OC3C1COCC23,0.32806307077407837
C1CC12CC3(CC3)C=C2,0.9941906929016113
CC1OC(=O)C(C)=C1N,0.15250414609909058
CC12CC1(C)C=CCC2,0.9812638759613037
C1OC11C2CC1C1NC21,0.7351334691047668
C1CC23COC(C2)OC13,0.29879170656204224
CC1(O)C2CN(C=O)C12,0.7453759908676147
Cc1n[nH]c2n1ncn2,0.5019583702087402
C1CC2(C1)C=CCCO2,0.9853894114494324
CC1CC2OCC1C2C,0.11992201209068298
C1CC2C1CC1COC21,0.43773335218429565
COC1COCC1(C)C,0.9229628443717957
CC1=C2CCC2OC1=N,0.203873410820961
CC1(CC1)C(O)CC=O,0.8740988969802856
C#CC1=CC2C3OC2C13,0.41331443190574646
CC(C#N)C(CO)C=O,0.08363290131092072
CC1=CC(=N)NN=C1F,0.9271274209022522
O=C1ON=NC=C1C#C,0.7799040079116821
COC1CC(=O)CC1=O,0.9555136561393738
CN1CC(C1)OCC=O,0.9474648237228394
CC(=O)C1C2CN=CN12,0.9633037447929382
CCC(=O)C(=O)C1CO1,0.9736508727073669
CC1C2C=CC1C2=O,0.92056804895401
OCC1C=CCC1C#N,0.5625499486923218
CN1C2C3CC2C13C,0.9600280523300171
NC(=O)C12CC(O)(C1)C2,0.9707134962081909
OCC1CC(C1)=NO,0.8515499830245972
COCCN(C=O)C=O,0.9972262978553772
CC1(O)C=CNC1=O,0.38000577688217163
CCN1CC(C1)(C#C)O,0.8164109587669373
CCC12CC1CC21CO1,0.860080361366272
OC1CC2CN(C=O)C12,0.631805956363678
Cn1ccc(c1CO)N,0.982697069644928
OC1(C#C)C2OC(=N)C12,0.011144843883812428
CC12CC3(C#N)C1NC23,0.6438660621643066
C#CC#Cc1ccon1,0.4012906849384308
c1nc(on1)NCC#N,0.2912749648094177
OC1C2CC3OCC2C13,0.03346570208668709
CCC1(O)C2COC12,0.27497050166130066
NC12CC1COC2C#N,0.6322053074836731
CC1C2CC1(CC2)C=O,0.6757584810256958
C1CC2(O1)C1C3CC2C13,0.9746425151824951
CC(C)OCCCOC,0.9890936613082886
O=C1NC2CC3CN1C23,0.3607652187347412
O=CC1CC2C(C#C)C12,0.6222589015960693
CC1(CO1)C1(CC1)C=O,0.7087292075157166
CN=C1OCC1C(C)C,0.8498653769493103
CCCc1c(nno1)N,0.9475030899047852
Cc1c(cco1)N(=O)=O,0.790183424949646
c1cc(oc1)OC=O,0.4502798020839691
OC1CC2CCCC2C1,0.32719123363494873
COCC(C)CC(C)=O,0.977071225643158
C#CCCC#CC1CC1,0.4735836982727051
NC1C2CC1(N2)C#N,0.1387266367673874
CCN1C(=O)C=CC1=O,0.9957549571990967
C1OC2CC=CCC12,0.3068377673625946
COC(C)CCCCO,0.9130060076713562
CC1CNC(=O)C(C)C1,0.8759435415267944
C(#N)c1c(oc(=O)o1)N,0.9812332391738892
O=C1CNCC1N1CC1,0.9308252930641174
CC(OC(N)=O)C1CN1,0.4397321343421936
CC(=O)CC1OCC1O,0.5654088258743286
CCNC1=NCC(=O)N1,0.8129170536994934
CCC(=O)C(C)C1CN1,0.6835263967514038
COC1C2CC(C)CC12,0.7947887182235718
COCC(C)CC#C,0.9886821508407593
O=C(C#C)C1NC1C#N,0.021102504804730415
OCCC(O)CCC=O,0.43829476833343506
O=C1OC2CC=CC12,0.16909106075763702
COC1(C)CCC=C1,0.9627758264541626
N=C1OCCC2CC1C2,0.7959038019180298
CC1=C2COC2C(=O)N1,0.07923576235771179
Cc1c[nH]cc1C(C)C,0.9708089828491211
ON=C1CC(O)(C1)C#N,0.15144844353199005
C1C=CCN1C(=O)CO,0.8930200338363647
O=C1CNC=NC1C#C,0.9709433913230896
CC12NC1C1(CO)OC21,0.6249170899391174
O=CC12CC1NC(=O)C2,0.5609703660011292
CCC1=CCC(=O)CC1,0.9862759113311768
c1cnc(cn1)CC#N,0.6032075881958008
CC1(O)CN=C(N)C1=O,0.04128246009349823
CC(O)CC1NC1C#N,0.12159231305122375
CCn1c(c(nn1)N)N,0.9591394662857056
CC(=O)COCCCO,0.9460152983665466
O=C1CC2CCC2C1,0.6255207061767578
CC1OC2CC12C1CC1,0.9319607019424438
CCC(C)(CO)C(C)=O,0.9529187083244324
CC1C=CCC1C#N,0.785373330116272
O=CCC(=O)CC1CO1,0.9495552778244019
CC1(CO)CC1NC=O,0.7940365076065063
c1(c(nno1)N)C(=N)N,0.9743805527687073
CC(=NC)OC1(CC1)C,0.992511510848999
OCC1CC2(O)CC12O,0.048375386744737625
CC12CN(C1)C2,0.9768234491348267
O=CC(C1CO1)N1CC1,0.8540884256362915
CC12CC3CC(N13)C2=O,0.7488366961479187
COCC12OC1C1NC21,0.6089317798614502
OC1(CC2OCC12)C#N,0.0029566711746156216
CC1C2C3C(CC2=O)N13,0.9658473134040833
C#CCCC12CN(C1)C2,0.987541139125824
OC1CC2CC3COC123,0.20606979727745056
CC1NC(=O)N(C)C1=N,0.9845386743545532
CCCC1(O)C(O)C1O,0.2673519253730774
CCc1[nH]cc(n1)O,0.20426583290100098
COC1CC(C=O)C1C,0.09937943518161774
C1CC1N(CCO)C=O,0.8952834606170654
N#CC(C1CN1)C1CO1,0.09658011794090271
O=C1NC2CC2N=CO1,0.6775702834129333
CC#CC1OC2CNC12,0.053264640271663666
CC1NC2(CC12O)C#N,0.020337874069809914
CC1C(O)C2OC12C=O,0.05478818342089653
CCC(C)(O)C1(C)CC1,0.8681768774986267
OC1CC1C(=O)OC=N,0.12437582015991211
CC1OC(=N)C1(O)C#N,0.06692633777856827
NC1C(OC11CC1)C#N,0.6080504655838013
C1C2CC1OCCOC2,0.8128184080123901
OC1C2NC=NC12C#C,0.19972902536392212
Cc1cc(n[nH]1)N(=O)=O,0.9553458094596863
OC1CC2CN2C(=O)C1,0.45693427324295044
N=C1CC=CC(O1)C#C,0.9657135605812073
CC1OC(C)(C)CC1O,0.7346279621124268
COC(C)C1CC1C,0.7916489243507385
c1cc2c(nc1)nc[nH]2,0.4523790776729584
CCN1C2CCOCC12,0.9185013175010681
CN1N=CC(O)=CC1=N,0.9150897860527039
CCNC(=O)C(=NC)N,0.9003131985664368
CC1C2C3C4C=C1C2C34,0.9952816367149353
CC1=COC(=N)C(O)=N1,0.35136479139328003
CC1(C)C2OCC=CC12,0.5500417947769165
CC1N2CC2C1(O)CO,0.5268524289131165
CC#CCC#CC(=O)C,0.9820169806480408
CC(C)(C(=O)NC=O)O,0.9438880681991577
C#Cc1cc([nH]c1)O,0.2762830853462219
CCC(C=O)C(C)C,0.6795574426651001
COCC1CC11CCO1,0.9123735427856445
CC(O)C1CC2C(C)C12,0.7465072274208069
OCC12C3CC1CN23,0.7554416060447693
CNc1cn[nH]c1C#C,0.6681967973709106
O=CC1C2CC3CC1N23,0.8376101851463318
CC(O)C1(CN1)C(C)O,0.6370542645454407
CC1OC(C#N)C(=N)O1,0.9349160194396973
CCC1OC(=N)C=C1N,0.8514066934585571
CC1OC2(C)C3NC3C12,0.950947642326355
CCC1CC(C)C(=O)N1,0.785803496837616
OCC12CC(=O)C1N2,0.5725076198577881
c1c(non1)COC=O,0.906859278678894
OCCC12CC1CC2=O,0.6550779938697815
CC1CCOC1C1CN1,0.14358820021152496
CC12CC1CC2(C)C#N,0.21110059320926666
C1OC2C3CCC1C2O3,0.477571576833725
NC(=[NH2+])CC(CO)=N[O-],0.9986281394958496
CCC12NC1CC2=O,0.9403733611106873
CC1CC2(C)NC2C1=O,0.8172997832298279
O=C1C2CCOC1CO2,0.9406890869140625
Cc1c(ocn1)N=CN,0.1600913554430008
OCC1=CC(=N)NC1=O,0.9450755715370178
CC1(C)C2OC(=O)C12C,0.5427866578102112
Cc1c(nc([nH]1)O)OC,0.8336678743362427
CC(CO)C1C(C)N1C,0.8504267930984497
C1CC11C2C3OC2C13,0.9649900197982788
CCC(O)C(O)CC,0.3709905445575714
CC1(CC1C#N)C(N)=O,0.952147364616394
N#CC1C=C2CC3C1C23,0.3848739564418793
COC1(COC1)CC#C,0.9780629277229309
CC1C(O)C1(C)CCO,0.6347054243087769
c1c(nc2n1nco2)O,0.06118910387158394
C1NC1C1=CNN=C1,0.1730404645204544
CC1C2COC(=O)C12N,0.7634336948394775
N#CC1=CC2C3OC2C13,0.10631650686264038
CC(C)(COC=N)C#N,0.8142869472503662
c1nc2[nH]nnn2n1,0.2526153028011322
CCN=C1OCC2NC12,0.5134657621383667
O=CC1=CC(OC1)C#C,0.15611903369426727
CCC1(C)C2CCC12C,0.9341089725494385
COCC(C)C#CC,0.800643265247345
CC1=CCC2(CC2O)C1,0.9288162589073181
Cc1cc(oc1C=O)C,0.9074319005012512
COC(C)C1(CO1)C#C,0.7786030173301697
CC(C#N)C(=O)C(N)=N,0.9643405079841614
c1cn[nH]c1C2CC2,0.6963061690330505
OC12C=CCC1OC2=N,0.6715924143791199
C#Cc1cnncn1,0.22662924230098724
CCC(=O)NC(=N)C=O,0.9980369210243225
c1[nH]c2c(n1)CC(=O)N2,0.8558349013328552
CCC#CC(O)C(C)=O,0.8982870578765869
C#CCNC(=O)C#C,0.9783006310462952
Cc1cccc(c1F)F,0.9478074908256531
CNc1nc(co1)O,0.27542680501937866
C1CC1(CO)NC=O,0.9116752743721008
CCn1c(cnn1)O,0.3478103280067444
CC1=CC(=N)N=C(O)O1,0.7901883125305176
CCC(O)C1COCO1,0.8452461957931519
CC1=CCC2CCC12O,0.4754447340965271
C1C=CC2CCCCC12,0.9303414821624756
CC1=CC2OCC2C1=O,0.2993529140949249
N#CC1=CC2CC2CC1,0.4527527391910553
O=C1C2CC3C1CCN23,0.9357373118400574
N=C1CN=CN1,0.9790123105049133
CC#CC(CO)C1CC1,0.5042347311973572
CC1(OC1C=O)C1CN1,0.24955622851848602
CC1=C(N)C(=N)N=NO1,0.9810668230056763
OC12CC3C4C(OC13)C24,0.5024341940879822
C#Cc1nc(co1)N,0.5643078088760376
OCC1CC(=O)OC=N1,0.933964729309082
CC(=O)C1(CC1)OC=N,0.9327185153961182
C#CC1=CC2CC3C2C13,0.7636326551437378
c1c(cc(cc1O)F)N,0.4526697099208832
COc1coc(c1N)N,0.9835624098777771
CC1C=CC2=C1C=CN2,0.8508259057998657
N=COC(=O)CC#C,0.9985678195953369
O=CC12OC1C=CC2=O,0.386174738407135
CN1CCC(C)(O)C1=O,0.12162967771291733
OC1CC1C1CCC1O,0.046557098627090454
CC(=NO)C1(C)CCO1,0.8229597210884094
OC1C2C3CC1(C#C)N23,0.4412103593349457
CC1(OC1CO)C#N,0.09638042002916336
OC(C=O)C1=CNN=C1,0.221805602312088
CC1(CO1)C1=NC=CN1,0.7753516435623169
C(C#N)Nc1nnon1,0.5812387466430664
CC12OCC(CO1)C2=O,0.8901083469390869
CN=C1NN=CC=C1,0.8133576512336731
COCc1cc[nH]n1,0.9361242055892944
OC12C3CC(C13)C21CO1,0.536841094493866
CCC(=O)CC(O)C#C,0.9613425731658936
OC1C2NC(=N)C(=O)C12,0.016255568712949753
CN=C1CCC(C)O1,0.7915611267089844
OCC1(CC1O)C1CN1,0.14083604514598846
CC12COC(CC=C1)O2,0.9356471300125122
CC1C(C)C11COC1=N,0.9555875658988953
N=C1OC=C(C=C1)C#N,0.7677327394485474
CCOC1CCOC1=O,0.9252719283103943
CCOCC(OC)C#N,0.9785121083259583
Cc1c([nH]nc1OC)C,0.9928445219993591
CC[NH2+]C(CO)C([O-])=O,0.5704864859580994
CCCCC12CC1CO2,0.9162730574607849
CC1CC2C1OCC2O,0.12317312508821487
OCC1(CC1)C1CN1C,0.936095654964447
CC#CC12OC1C1OC21,0.0556156300008297
Cc1cnoc1CO,0.9281965494155884
CC12C=CC3C(N13)C2=O,0.9673882126808167
C#Cc1c([nH]cn1)O,0.05235423147678375
CCC(=O)NC(=O)N,0.9975652694702148
CCC1C2C3CC3(C)C12,0.9497328996658325
N#CC1C2CCC1N2,0.3961290717124939
CC12CC1(CO)CC=C2,0.9769008159637451
COC1CCC=CCC1,0.8135764598846436
Cn1c(ncn1)CC#C,0.9835211038589478
CC1(CC#C)OCC1O,0.9047817587852478
OC12CN(CC1)C2C=O,0.7083598375320435
NC1=C(O)OC(=N)C=N1,0.815666675567627
N#CC12CC3C(CN13)C2,0.34293413162231445
CC1C(=O)NC11COC1,0.34658369421958923
Cc1c(non1)OC=O,0.9164842963218689
c1cc(=O)[nH]cc1CO,0.5189289450645447
CC(C=O)(C#N)N1CC1,0.2016322910785675
CC1COC2CC2CO1,0.4840923547744751
CC(=O)NC(=O)C1CC1,0.9756993055343628
Cc1cccc(n1)C#C,0.6576074361801147
O=COC1CC(C1)C#N,0.09487950801849365
OCC1=CC(O)C(=O)C1,0.8289238810539246
C#CC1N=COC2CC12,0.29745593667030334
OC1C2C=CC3C2C13O,0.5188368558883667
CC(O)C1(CO)COC1,0.5577122569084167
C1Oc2c([nH]nc2O)O1,0.8393106460571289
CC1(O)C(N)C1(N)C#N,0.04388928785920143
CCc1c(cncn1)C,0.9324828386306763
C#CCN1C2C3CC3C12,0.9740365147590637
Cn1ccc(c1C#N)N,0.8431283831596375
C#Cc1c([nH]nc1O)N,0.4483223557472229
N=C1OCC=CNC1=O,0.8738396167755127
CC1C2C3N1C2C31CO1,0.9731927514076233
CC#Cc1ncon1,0.7655381560325623
OC12CCC3C(C=C1)C23,0.8523007035255432
N=C1OC23CNC2C1C3,0.8266879916191101
CC(=O)C1CN1CC=O,0.9554028511047363
c1cncc(=O)cc1N,0.4897240698337555
COC(=N)OCCCO,0.972863495349884
CC1=CCNC=CC1=O,0.9783632755279541
CC(CO)CC=O,0.9187480807304382
c1cc(oc1)CCCO,0.8488695025444031
CC1OC1(C)COC=O,0.9686384201049805
CCC1CC2(O)CCC12,0.6519173383712769
CC1C(C)C11CC(C)O1,0.889352560043335
OCC12COC(=N)C1O2,0.9283406734466553
OC1CC2C3OC3C2=C1,0.23040668666362762
CC12C3C4N1C4(C)C23,0.9665324091911316
COC1CNC1CC#N,0.10398503392934799
C1C2C3COCOC1C23,0.5720140933990479
CCCC1CC2(O)CC12,0.7140291929244995
C1C2OCCOC1C=C2,0.7796626687049866
CC12C3C4N=C(OC14)N23,0.748871922492981
CC12CC3C1N3C2CO,0.9197518825531006
CCC12C3CN1CC23C,0.9017605781555176
Cc1ccc(o1)OC,0.8671209812164307
OC1CC=CC=CC=C1,0.9274058938026428
CC1C2CC3OC3CC12,0.28232401609420776
CC1=CC(CC=O)CC1,0.9723048806190491
CC12OC1C(=O)NC=C2,0.928250253200531
OCC1OCC=CC1O,0.23616687953472137
N=C1OC=C(N=C1)C#N,0.3927251696586609
OC1C2OCOC(=O)C12,0.23643967509269714
CC(OC=O)C1CC1C,0.6721768975257874
C1NC2=C(C=C1)N=NO2,0.4371439516544342
CC1CC2CC(C=O)C12,0.5699292421340942
C1OC2C=CC=CCC12,0.335222065448761
CCNc1cn[nH]c1N,0.8916507959365845
CC1=CCc2c1c[nH]n2,0.9437851905822754
CCC1OCC2(C)NC12,0.5572513937950134
C1C2CC1C1=NC=NN21,0.49808984994888306
C1C2C1C1OC2C11CO1,0.4774754047393799
OC12COC1CC2C=O,0.010289947502315044
c1c(nc2n1C=CC2)N,0.9403275847434998
N=C1CC2(CC2C=O)O1,0.9449667930603027
CN1C2CC(CC=O)C12,0.9436085224151611
CNC1(CC#N)CC1O,0.7042108178138733
CC1(C)OC(=N)C11CC1,0.9350526332855225
CC(O)C(=O)OCC=O,0.9982331991195679
CCC(C)N1C=NN=N1,0.7900947332382202
N=C1NC2CC1OC2=O,0.09572270512580872
CCC1(CN1)C1CCO1,0.8542560338973999
NC12C3NC(C13)C2C#N,0.9430553913116455
CCC(C#N)C1(C)CC1,0.9225956797599792
O=C1CC23CC(C2)C3N1,0.9204865097999573
CC1=CCCOCOC1,0.9937856197357178
OC(C#N)C1=NNC=C1,0.4517853856086731
CC1=C(C)C(NC1)C#N,0.8264569044113159
CC(O)C1(O)CCC1O,0.09502770751714706
CC(=O)NC(=N)OC,0.9991300702095032
C1C2CN1C1=CC=NN21,0.8240518569946289
CC#CC12CC1C1OC21,0.301378071308136
NC1C2NC2C=C1C#N,0.14127232134342194
OC1CCN2C(C#N)C12,0.30650442838668823
CC12CC3OC(C)(C1)C23,0.9178483486175537
CC#CC12C3C4C1N4C23,0.9479291439056396
CC12CC1N1N=CC=C21,0.7751882076263428
c1c[nH]c(c(c1=O)N)O,0.20560422539710999
CC12C3CC(C13)C2CO,0.7976636290550232
CCC1(CCCN1)C#N,0.45142725110054016
O=C1OC2C1C21CCO1,0.3482862412929535
CC1CCC2(O)CC2C1,0.5955634117126465
CC(C)OC(C)(C)C#N,0.7994685769081116
OCC1C2CC2C2CN12,0.7411686778068542
C(C1CC2CC12)N1CC1,0.8385534882545471
CC1C(=O)C2OC12C#N,0.07430937886238098
CCC1(CC1O)C#N,0.19736212491989136
O=C1OC23CNC2C1C3,0.39675748348236084
CC(C)(CC1CCC1)O,0.8863577842712402
C1C2C1C1C2CC11CO1,0.7163273692131042
ON=C1C2CC(O)C1O2,0.5185109972953796
CC1=NC=C(F)C(=N)N1,0.9437395334243774
CC12CC3C(C13)C(O)C2,0.7488102316856384
CC1(CO)CC(C1)C#N,0.46362340450286865
CCn1ccc(c1N)O,0.6883853077888489
C1CCC2=C(C1)CCC2,0.9815633296966553
CC1(O)CCCC1=NO,0.4978213310241699
CC(C)C1CCC(=N)O1,0.6854196786880493
OC(C#N)C1OCC=C1,0.15635506808757782
N=COCC(=O)CC#C,0.9802749752998352
OCC1CC2(CO2)C1,0.9310216307640076
CC1=C(F)C=NNC1=N,0.904670238494873
C1C2C3OC4CN2C1C34,0.6881580352783203
CC(=O)CC(C)(O)C#N,0.2731575667858124
C1CC1C12CC(CC1)O2,0.6659359931945801
CC(C)(C=O)NCC#N,0.2887064218521118
C1C2C3C4C=CC2C1C34,0.9611688852310181
CC1C2C3N1C2C31CN1,0.9364534020423889
C1C(=C(CO1)C#N)C=O,0.013939104974269867
OC1CC2OC(C#N)C12,0.008643017150461674
CC1(O)CC1C1CO1,0.1482311189174652
OC1CN(CC#N)C1=N,0.27326273918151855
CCC1=CC(C)OCC1,0.9745252132415771
CC1CC2(CO2)C11CO1,0.28374284505844116
CC12CC(O)C1C(=O)O2,0.03281831741333008
Cc1c(nccc1F)C,0.9892739653587341
CC1NC1C(=O)C(N)=N,0.4087149500846863
O=C1CCC1C#N,0.851683497428894
CC1CC2C3C4C1C4N23,0.9872527718544006
O=C1C2CC(O2)C2CN12,0.037581004202365875
COC(CC#N)C(C)C,0.6818044185638428
C1CC11COCC11CO1,0.9380872845649719
C#CC12CN1CC=C2,0.9692664742469788
CC(CN1CC1)NC=O,0.8389248847961426
C1OC2CN=C3OC1C23,0.23658601939678192
CC12C3CC(CC1=O)N23,0.767218828201294
NC(C#C)C1=CON=N1,0.5101855993270874
C1C2C3C4C5C(C3N45)N12,0.9947608113288879
CN=C(C(=O)N)OC=O,0.9971843361854553
CCN1C(=N)OC=C1O,0.5254831910133362
OC1CCC(=O)C11CN1,0.29588666558265686
CC1C=C2COC2C1O,0.18989649415016174
CC1COC(C#N)C1=O,0.7656210064888
Cc1c(cco1)CC#N,0.9491592645645142
CN1CCOC(=O)C=C1,0.9920245409011841
O=CC1CCOC1=O,0.7237654328346252
OCC1OC2COCC12,0.5515802502632141
c1cn2c(n1)[nH]c(n2)N,0.7183494567871094
O=C1C2CC3C2N3C1=O,0.7680827379226685
CC12NC1CC2CC#N,0.5531527400016785
Cc1c(c(no1)N)OC,0.992405354976654
CCC1(O)C2CC(O)C12,0.2620946168899536
CC1N=C2NC3(C)C1C23,0.03103010542690754
NC(C#N)C1C(O)C1O,0.016037611290812492
CCC(=O)NC(=NC)C,0.9959034323692322
CCCC12CC1C(=O)N2,0.9589486718177795
CNC1=NCC(N1)C#N,0.07055402547121048
CC(C)(O)C1NC1C#C,0.10289495438337326
OC1=CNC(=C1)C1CO1,0.20176497101783752
CCC(=NO)C#CC#C,0.9437620043754578
OC(C=O)C1(O)CCC1,0.7836682200431824
C1CC23CC(CC12)C=C3,0.9751980900764465
CCC12CN3C1C2C3C,0.9781811833381653
OC1CC2OCC12C#N,0.002163997618481517
CNc1cnc(cn1)O,0.1531640887260437
CN1C(CC1=O)C#C,0.9195752143859863
OCCC1CC(C1)C#N,0.3917994499206543
c1cn(ccc1=O)C=O,0.36150944232940674
CCn1cncc1CO,0.8444365859031677
COc1cccc(c1)O,0.6190930604934692
OCC(O)C1=NON=C1,0.3150775730609894
C1CC11C2C3C=CC2N13,0.9933405518531799
CN=C1OC(C)C1C=O,0.32251203060150146
OCC1C(O)C11CCO1,0.46904006600379944
OC12CC3N=COC1C23,0.501423180103302
CN1CC1C(O)C1CC1,0.6368226408958435
CN=COC1CC1O,0.9383694529533386
COC=NC(CO)C#C,0.9855887293815613
COCC(OC)C1CN1,0.5502426624298096
CC1CC(=O)N2CC12,0.31336888670921326
N=COCC1CCO1,0.9420808553695679
CC12CC1C(CC#N)C2,0.7082392573356628
CC#CC(CO)N1CC1,0.8146358132362366
CCc1cc(ccn1)F,0.9197157621383667
NC(=O)C1CC(=N)O1,0.9832027554512024
CC12NC1C1OCC21C,0.7507343292236328
CC1CC1OC=O,0.45374205708503723
CC1=CC2CC1COC2,0.9024860858917236
Cc1c(c(=O)onn1)F,0.844916045665741
COC(C)C(C)CC=O,0.9200769066810608
CC(C)C(=O)C(O)CO,0.7952558398246765
c1c(c(c(=O)on1)N)F,0.8713006973266602
N=C1COC(=N)N1C=O,0.9994476437568665
O=CC1CC=CC11CC1,0.9802706241607666
CCC1NC1C#N,0.2420652061700821
O=C1CC23CC12N=CO3,0.9392244219779968
CNC(=O)COC(=O)N,0.999496579170227
CNc1c(cc(o1)N)O,0.38827627897262573
CCC1=C(COCC1)C,0.9763309359550476
c1c([nH]nn1)C2(CC2)O,0.39075005054473877
N=C1OC2CNC1C=C2,0.588769793510437
c1c(onn1)C2(CC2)O,0.19678491353988647
CCn1c(=O)n(nn1)C,0.9707145094871521
O=C1C2CC2C2CC12,0.8756198287010193
C1C=Cc2c1nc([nH]2)O,0.21785353124141693
CC(=O)C12CC(=O)C1O2,0.8942328691482544
COCC1(CC1O)OC,0.6262407898902893
C1C=C(CO1)CC=O,0.6812722086906433
N#CC1OC1(C#N)C#N,0.2937733232975006
CC1(CC1)CN(C)C=O,0.9833438992500305
OCC(O)C1=NOC=C1,0.3063372075557709
O=C1CC2N=COC12,0.8480673432350159
NCC1(OC1CO)C#N,0.09141456335783005
COC(=O)C1CCN1C,0.9811584949493408
O=C1CC2C=CCCN12,0.9325218796730042
N=C1NC2(CC2O1)C#N,0.023869972676038742
CC12CC3C(C1)C23O,0.654944121837616
CCC1N2CC2C1(C)O,0.8223986029624939
N=COC1=NC=CC=C1,0.8936795592308044
O=CCCC1COC=N1,0.9058831334114075
COCCc1cnoc1,0.9192597270011902
CC1=CCCOC1,0.9790869951248169
COc1cnc(nc1)O,0.3926880955696106
c1cc(nc(c1F)F)F,0.9454139471054077
CCC#CC1(C)CCO1,0.6840073466300964
CC(=N)OCC(C)(C)O,0.9692537188529968
CN=COCC1(CC1)O,0.9764361381530762
OC1C2NC=NC12C=O,0.12378455698490143
CC(=O)C1(CCO1)C=O,0.846307635307312
CC12COC3C(N1)C23O,0.06312596052885056
CC1C(C)C(C)=CC1=O,0.8410897850990295
O=C1NCC=CC1C#C,0.9558945894241333
C1CC(N1)C1=NOC=N1,0.46099185943603516
CC1COC(=N)N1C=O,0.9658681154251099
CCC(OCC=O)C#N,0.9591379165649414
N#CC12CC(C1)CC=C2,0.8536481857299805
O=CC1OC2(CC2)C1=O,0.9738136529922485
COC(=NCCO)C#N,0.9808854460716248
CC(C1CC1)C(C)=NO,0.8324940800666809
CC1OC1CC#CC=O,0.9470291137695312
CC12CC3(O)C1C2C3=O,0.6988182067871094
O1C2C3C4C=CC13C24,0.9772875308990479
CC1=CCC(C1)N1CC1,0.9623891115188599
CN1C2C1C(=O)OC2=N,0.886250376701355
CC(C)OCC1CC1O,0.2734880745410919
NC(=O)C1C2OC(=O)C12,0.024566195905208588
NC(=O)C1C2OC(=N)C12,0.34998223185539246
C1C2C3COC1C23,0.21669602394104004
CCC(C)C#CC(C)=O,0.5535012483596802
CCN1C2C3CC3(O)C12,0.8836901187896729
C1CC(C1)(C#CC=O)O,0.2150106132030487
ON=C1COC2CC2C1,0.4835134446620941
OC12C3OC1C1OC3C21,0.07360019534826279
CC1C2CC1OC(=O)O2,0.1966082900762558
O=CC12NC1CC21CO1,0.45514291524887085
CCN1CC(C1)C#N,0.6355769038200378
CN1CC2(C1)CO2,0.9813856482505798
CC1=CCC2OC(=N)C12,0.25381651520729065
C(#N)c1c(n[nH]n1)C#N,0.10089157521724701
CC1C2OCCCC12O,0.4468204081058502
C1C(OC=N1)(C#N)C#N,0.8403744697570801
CCOC(=O)N1CC1C,0.9905473589897156
CC1(C)OCC1OC=O,0.9344082474708557
CC12CC3CC(C=C1)C23,0.9714274406433105
CC12CC(=O)C1C1OC21,0.8793663382530212
CC12OC3C1C1C2C31O,0.8630824089050293
C#CC(C1CN1)C1CO1,0.16568811237812042
NC1=C(O)C(=N)NC=N1,0.8304428458213806
C(C(=N)NC(=N)CO)O,0.9981943964958191
CC1C2CC1OC(=O)C2,0.2754342257976532
CC1C(CO)C1CC#N,0.2314847707748413
C1c2c(non2)N=C1N,0.9472337365150452
O=COCC1CC1C#C,0.567966103553772
OC(CC#N)CC1CC1,0.6260683536529541
CC1(CC#C)C2COC12,0.8107179403305054
OCCC(O)C1COC1,0.09164699912071228
CC1=NC2CC(O1)C=C2,0.8996002078056335
c1nc([nH]c(=O)n1)C=O,0.6578713059425354
OC1CC1C1CC(=N)O1,0.06819416582584381
C1OC11CCC11CO1,0.5197635889053345
O=CC12NCC1C2C#N,0.15116414427757263
CN=C1CC(O)CO1,0.9143925309181213
CCC1OC1C1CCO1,0.734563946723938
CC12OC1C(O)C21CC1,0.7655913829803467
C1CN1c2n[nH]nn2,0.42798373103141785
CC1OC(C(C)=O)C1=O,0.945118248462677
CC(=O)NC(=O)C(=N)N,0.9994193315505981
NCC1(CC(=O)O1)C#N,0.4480886161327362
CN=C1NC(=N)CO1,0.9864120483398438
C1OC2CCOCOC12,0.8573610186576843
OC12CC(C1)(C2)C#N,0.26304891705513
Cc1c(c([nH]n1)OC)O,0.9237066507339478
c1c(oc(=O)[nH]1)CO,0.5637722611427307
C(CO)N=CNC(=O)N,0.9738553762435913
OC1C2CCOC1C=C2,0.6971501111984253
CC(=NC)OC(=O)C#C,0.9940816760063171
CCC#CC1(CC)CO1,0.7271854281425476
C1CC11CC2OCCC12,0.8574087619781494
CC(CCC=O)C#C,0.8020581007003784
COc1cc[nH]c1CO,0.9131598472595215
O=CC#CC1(CO1)C=O,0.6674516797065735
CC(=NO)C1OC2CC12,0.2575873136520386
CC1CN1CC(O)C#C,0.9029079675674438
O=CC1CCNC1C#N,0.3218289911746979
C#CC1CN(C1)CC#N,0.8236629962921143
CCOC1OCC=C1,0.1904209852218628
OCC(O)CCC1CO1,0.4893680512905121
CC12OCC1CC2C=O,0.33981218934059143
CC1(CN=C(O1)CO)C,0.4728040099143982
CC12CC(O)(C#N)C1N2,0.02033904567360878
CC12C3C4C1N2C(=O)N34,0.9851942658424377
CC(C)C12CC3OC1C23,0.8422577977180481
OC12CC3CC(CC13)C2,0.6754173636436462
O=C1C=CC2COC1O2,0.9433468580245972
CCC1C2CC1C2C#C,0.7923882007598877
O=CC1OC2=NCCC12,0.6405479311943054
COC1OCCC(C)=C1,0.8432430624961853
OC12CC(C1)C(=O)C2,0.6151238679885864
O=C1CC2CN2CCO1,0.9312434196472168
CNC(=O)C1CC1OC,0.5984336137771606
COCC1OC2CC12C,0.9658204317092896
OC12C3NC1C3C2C#N,0.40863627195358276
c1(c(=O)[nH]nc(n1)F)N,0.5892086029052734
C1OC23C4CC(C12)C3O4,0.6363936066627502
[NH3+]CC(C#N)C([O-])=O,0.8702714443206787
CC(C)C(F)(F)F,0.9875505566596985
OCC1CCC1=O,0.8650552034378052
CC1N=CNC1=O,0.12134066224098206
CCC1(C)CCC1(C)C,0.9813268780708313
CCCCN(C)C(=O)C,0.961712121963501
CCN1C(C)CNC1=O,0.6516425609588623
CCCC#CC(O)C#N,0.873701274394989
CCn1cc(oc1=O)O,0.25427138805389404
C(C1C2CC1C2)N1CC1,0.8431409001350403
C1OC2C1C1C3NC3C21,0.7871251106262207
COCC1C(C)C1CO,0.39488258957862854
C#CC1COCC11CN1,0.6715086698532104
c1cc([nH]c1CC#N)N,0.8008849024772644
CCC1C(C)CC1=O,0.9266353845596313
N#CC12COC1C=CC2,0.02940879762172699
CCOCC1OCC1=O,0.9708994626998901
C1CC11CC2CC2C1,0.9346098899841309
COCC(=NCC#N)N,0.17953701317310333
O=CC12C3CN1CC23,0.260715126991272
C1CCN=C(NC1)C#N,0.5595842599868774
CN1CC2CC(C#N)C12,0.6956678628921509
COC1CC2CC12C=O,0.5291085243225098
CC1(CC(=O)C(=O)O1)C,0.9742876887321472
CCC12C3OC(C13)C2C,0.926508903503418
N=C1OC2=C(O1)C=CO2,0.6135842204093933
CC(C)(C)C1C2CC1C2,0.876107931137085
CNC(=NC)C(F)(F)F,0.9812310338020325
CC1(CN(C(=O)N1)C)C,0.7913274168968201
C(=O)C(C=O)N=CN,0.42532265186309814
CCC12CC1C(=O)C2O,0.898788332939148
CCN1C(C)C1CC#C,0.9716448187828064
C1CC(C1)N2CCC2=O,0.8839613795280457
CC12COC3CN1C23,0.9131084680557251
O=CC1CCOC2CC12,0.16905364394187927
Cc1cc(cc(n1)C)O,0.6169570684432983
CC1OCCC(=O)C1=O,0.9822825789451599
CCC12NC3C1N(C)C23,0.9881439805030823
CCNc1coc(n1)N,0.7859273552894592
N=C1OC2COCC1O2,0.38953790068626404
COC=NC12CC1OC2,0.9665349721908569
CC1(CC1)C1(CN1)C=O,0.5661967396736145
C1C2OC3C4OCC12C34,0.6284357905387878
CC1(O)C2CC2C1C#C,0.39215731620788574
CCCC(C)(C)CC#N,0.9628225564956665
CC(C)C#CC(N)C#N,0.27178755402565
O=CC12CC(C1)C(=O)O2,0.20697180926799774
CNC(=O)CCOC,0.9972686767578125
CCn1c(ncn1)C#C,0.6491788029670715
OCCC1CC1CC#C,0.6818143129348755
O=C1NC23CC4C2NC134,0.9174818396568298
COC(C=O)C#CC#C,0.9986032843589783
NC12CC1(C#N)C1OC21,0.17526063323020935
COc1cnc(o1)O,0.5326906442642212
CCOc1c(c[nH]n1)N,0.9501407146453857
CCC1C2C3CC1C23,0.957793653011322
CC12CN3C4CC1C2C34,0.9033758640289307
CC12CCN3C1CC23,0.966659665107727
CC12C3CC1=CC1C3N21,0.9790340065956116
CCOCCC(C)O,0.9379845857620239
CC1COC1C1CCC1,0.6510276794433594
Cc1coc(c1NC)N,0.9770221710205078
CN=C(C(=O)C#N)N,0.11156383901834488
Cn1ccc(c1)CC#C,0.9562406539916992
COc1c(nccn1)F,0.8631576299667358
CCC1(C)CC1NC=O,0.9228889346122742
CC#CC(=NC)NC=O,0.7141594886779785
C1CCC=CC=CCC1,0.8945126533508301
CC1CC2(C)CC12C#C,0.6763029098510742
C1C2CC3(CC4NC34)C12,0.9041340351104736
C1C=C2C3C4C1C2N34,0.9927511215209961
c1c(c(nc(=O)[nH]1)O)N,0.15528301894664764
C#CC1C2CN3CC1C23,0.9628672003746033
OC12CC1C(=O)CC2=O,0.4611995816230774
CCC1(C)C(O)CC1O,0.40435728430747986
C#Cc1cccnc1O,0.3294995129108429
ON=C1CC2(CC2)C1O,0.8654134273529053
CC1C2NC3C1(O)C23O,0.3964056074619293
COC1CC(C)C1=NO,0.7931410670280457
CN1CC1CC1CC1,0.9253846406936646
CN=C1OC=CN=C1C,0.9675886034965515
NC(C#N)C#CC#N,0.7383468151092529
CC#CC12CC1C(C)O2,0.14769181609153748
CC1C2C1C(C=O)C2C,0.9811683893203735
OC12C3CC1COC2C3,0.11370963603258133
CC1NC11CC2(CO2)C1,0.8579266667366028
COC1=CNN=NC1=N,0.9728394746780396
OC1C(=O)C2CC12O,0.1895405799150467
c1(noc(=O)o1)N,0.9961943626403809
CN(C)C(C#N)C1CC1,0.9298401474952698
c1c(c(ncn1)N)N,0.7385358810424805
OC1C=CC2=CNC=C12,0.742493748664856
CC1CC=CNC(=O)O1,0.972595751285553
CC1OC(=O)C1(C)CO,0.131483256816864
C1C2CCCC=CC12,0.9031463265419006
CC(N)C1=C(N)N=NO1,0.5288789868354797
COC1CCC(C1)C=O,0.44598087668418884
COC(CC#C)C=O,0.9939303398132324
c1c(c(n[nH]c1=O)F)N,0.7290502190589905
CNC(=N)NC(=O)C#C,0.9851562976837158
N=C1OCC11CCO1,0.9176286458969116
C1C2CC3CCC(O3)C12,0.45118391513824463
CC12OC1C1CCC21,0.536264181137085
OCC1(CC[NH2+]1)C([O-])=O,0.49268457293510437
CNc1nc(on1)CN,0.9546202421188354
c1cnn(c1)CCC#N,0.7940095663070679
CNC(=O)C1COC1=N,0.9673011898994446
C1C2C3C4C5C(C5N24)N13,0.9949113726615906
CN1C=CC(=O)NC1=N,0.961920976638794
OC1C2C1C1(O)CC2C1,0.21766360104084015
O=C1C2CC3CN2C13,0.9096091985702515
O=C1OCOCC2OC12,0.9964853525161743
N#CCC12C3CC1OC23,0.686846911907196
c1n[nH]c(=O)n1C(=O)N,0.8997817039489746
Cc1c(nc[nH]1)CC#C,0.9503254294395447
CC1(N)C2CNC12C#N,0.03193323314189911
CC12CC1OCC21CN1,0.6464059352874756
O=C1CNC(CC#N)C1,0.4245328903198242
CC1OC2C3OC1C23C,0.9294780492782593
CCC1(N)COC1C#N,0.7273951768875122
FC1=CNC(=N)N=C1,0.7917313575744629
CN1C2C3C4C3C2(O)C14,0.9858450889587402
NC12CC3OC1(C#N)C23,0.30516400933265686
CC1(CC1)C2(CC2)C#C,0.9373210072517395
OC1C2C3C1CC23C#C,0.5304942727088928
COC1COC11CCC1,0.9694647789001465
CC1CCN(C=O)C1=O,0.9187155365943909
CC(C)(CO)N1CC1,0.9562821984291077
CC12OC3C4C(C13)C24O,0.939117431640625
COC12CC=CC1C2C,0.9579682350158691
C1C(CO1)CC=O,0.9033169746398926
CC1=CC(O)COCC1,0.8415343761444092
O=CC1CC(C=O)=CN1,0.3322432339191437
OC1C2C3C2C1(O)C3O,0.07490797340869904
CC1CN(C1C)C(C)=O,0.2306676208972931
CCC(C)(OC=N)C=O,0.9303114414215088
C1OC2CC1OCOC2,0.900589644908905
CC1CC2CC(=O)OC12,0.16969221830368042
CCC1(C)OC1C,0.9733884334564209
CC1OC(CC1=O)C=O,0.9717355370521545
CC1OC2CC(=O)C12C,0.92887282371521
CC1CC2(CO)OCC12,0.6196541786193848
CC1CC(C)(O)CCO1,0.7312328219413757
O=C1CC=CC(O1)C#C,0.991710901260376
NC1=CC(=N)OC1CO,0.8269821405410767
CC(O)C(C)CCCO,0.7927257418632507
CN1C2C3C1C2N3C,0.9955756664276123
CC(C)C1C2OCOC12,0.5902072191238403
CC(O)C(CO)CCO,0.5902667045593262
[O-]C(=O)C(=O)CNC=[NH2+],0.9724198579788208
CC12CC1(C)C1CC1C2,0.8418609499931335
Cc1cc([nH]c1O)OC,0.5199460387229919
OC1CCOC(=O)C1=O,0.9329053163528442
CC1OC2C(C#C)C12C,0.9272593855857849
C1CC1N=C2COCO2,0.8696871995925903
CCNc1ncnnn1,0.48364099860191345
NC1=NON=CC1=N,0.904459536075592
CC1C2C3CC1(C#C)N23,0.862691342830658
O=C1N2CC2C11CO1,0.006631908472627401
C1C(CO1)(C#CC#N)N,0.13161654770374298
OCC12CCC1OC2,0.5198231935501099
CC(=O)Cn1ncnn1,0.6660220623016357
OCC12C3C4C(CC14)N23,0.9554753303527832
CC1=CCC2COC1O2,0.355193555355072
CC(C)C(=NO)C(C)O,0.8344760537147522
NC1C(=O)N2CC12C#N,0.015911467373371124
CC1C(CNC1=O)C=O,0.404468297958374
CC12OCC3(O)C1OC23,0.1905953586101532
CC#CC1OC2CC2O1,0.04622582346200943
CC12C3CN1C(C=O)C23,0.7998300790786743
C#CCC1CC1C1CO1,0.6573226451873779
O=CC12CCCC1N2,0.5673149228096008
COC(=O)C(O)C(C)=O,0.9971976280212402
CC1OC23CCC12OC3,0.7289019823074341
C(C=O)OCC(=O)CO,0.9590379595756531
COC1(C=O)C(O)C1O,0.16956022381782532
OCC12C3OC1C(O)C23,0.3903471827507019
C#CC1CN1,0.6638355255126953
CCc1ccnc(=O)[nH]1,0.734439492225647
CC1(O)CC2CC3C2C13,0.6744015216827393
NC(C#N)C1NC1CO,0.027821887284517288
OCCCC(C=O)C#C,0.8215093612670898
O=C1NCC2C(C#N)N12,0.25610414147377014
CC1=CCC2C1OC2=O,0.134935200214386
OC1C2(O)CC1(O)C=C2,0.29189956188201904
CC1=CC2NC2C1C#N,0.38251981139183044
CCCC12CCC1CO2,0.9020742177963257
CC1C2C(O)C3CN1C23,0.8312439322471619
C#CC12CC3C(C1)C3C2,0.6067473292350769
CCC12OCC3C1OC23,0.818151593208313
N=C1C=CNN=C1C#C,0.6329385042190552
O=C1NC2CC1C1NC21,0.41818204522132874
CC1CC11C=CC2NC12,0.948492169380188
CCOCc1ccno1,0.9327189326286316
[NH3+]C(CC1CC1)C([O-])=O,0.8610398173332214
CC#CC1(CO)CC1C,0.309504896402359
NC(=O)C1C2CN1C2,0.9873757362365723
Cc1nc(=O)cno1,0.8589272499084473
C1OC2C3NC22C1OC32,0.1736082136631012
CC1CCCCC(=O)O1,0.923488974571228
CC1CC2(OC12)C1CC1,0.8063339591026306
COC12CC(C1)CC2=O,0.9349779486656189
C1C=CC2C3OC3CN12,0.951686441898346
C1CC23NC2CN2C1C32,0.9479485154151917
CC(CC1CO1)C(N)=O,0.8852801322937012
CCC1C(=O)CCC1=O,0.9587233662605286
CC1=C2C3C(C2O)N3C1,0.5473549365997314
OC1C2CC11CCCN21,0.9130938649177551
CC(NC=O)C(C)C#N,0.1987137496471405
CCC12CC1CC(=O)O2,0.9044032692909241
C#CC1=CCC=CC=C1,0.9498986601829529
CC1OC(=N)C1CC#N,0.49701976776123047
O=C1CCC=C1C1CO1,0.8499935865402222
CC(CC#C)C(C)C#C,0.9502102136611938
CC(C)([NH3+])C(N)C([O-])=O,0.7344894409179688
c1noc(=O)c(=O)o1,0.9966803789138794
C1CC2C3OC4C3C1C24,0.8164432048797607
NC(=O)CC(C=O)C#C,0.9878537654876709
C1CCC(C1)C(=O)N,0.95307856798172
CCC(C)CC1OC1C,0.9458532333374023
C(C=O)c1nnon1,0.8407577872276306
NC(=O)C(=O)C(O)C#C,0.9976685643196106
CC12NC1C(C#N)C2O,0.056460753083229065
CC(O)C(CO)C(N)=O,0.7667879462242126
COC12CC1(CC2)C=O,0.8440223932266235
CCC1CC1C,0.7891320586204529
CCC12CC(O)C1O2,0.7131866216659546
OCCCC12CN1CC2,0.9739102125167847
Cn1c(c(cn1)N)O,0.8144869804382324
CC1CC2CC(O2)C1=O,0.5485665202140808
CN1C2CC1(C=C2)C#C,0.9111084342002869
c1(c(n[nH]n1)O)C(=N)N,0.7386786937713623
C1C2OCC3CC(C3)C12,0.4897664487361908
CNC(=O)CCNC=O,0.9925795197486877
OCC1C2CC3OC1C23,0.38419994711875916
Cc1cc(nn1C)O,0.7876771688461304
CC1CCCCC(O)C1,0.6075094938278198
O=C1NCC2CC3C2N13,0.834007978439331
CC(O)CC1CC(O)C1,0.30403855443000793
CC1=NOC(N)=NC1=N,0.9689956307411194
CN1N=CC=C(F)C1=N,0.9866766929626465
CC1(CCOC=N1)C,0.9745841026306152
CC1C(O)CC1NC=O,0.05118674412369728
OCC1=NCC2CC2O1,0.06260638684034348
CC(C)(C)C(C#C)C#N,0.9051317572593689
Cc1c[nH]nc1C,0.9774511456489563
N#CC12NC3C=CC1C23,0.7747558951377869
NC1=C(C=O)C2CC1O2,0.01555945910513401
c1c(cncc1O)C#N,0.36247390508651733
CC1OCC2(O)CC12O,0.07582763582468033
CCC(C)(C)N(C)C=O,0.9816655516624451
OC1CC=CC1CC#C,0.8778449296951294
CC1(C)CC2CC2(O)C1,0.6130709052085876
OCC1CC2(O)CC12,0.1371496021747589
COC(C#C)(C#N)C#N,0.9659625291824341
CCC12CC(C=C1)C2C,0.9781028628349304
CNC(C#N)C(N)C#C,0.060992345213890076
COC(CO)C#CC,0.9527461528778076
NC1C(=N)N2CC12C#N,0.17015808820724487
COC(=O)COC(=O)N,0.9999046325683594
c1cnc(cn1)CCO,0.6004265546798706
CCC1(C#N)C2CCN12,0.6095908880233765
O=COC12CC(C1)CC2,0.9532995223999023
CC1C=CC2C(O)C12C,0.6477988362312317
CC1=CCC=CCC=C1,0.9183812141418457
O=CC1=CC2COC1O2,0.09262700378894806
OC12CC(C1)(C=O)C2=O,0.07386395335197449
COC1CC2C3OC2C13,0.06273685395717621
CCC(C)C(=O)CO,0.9121204018592834
ON=C(COC=N)C#C,0.990382969379425
CC1CC1(O)CN1CC1,0.6531035304069519
CCC1CC(C1)C=O,0.8897125720977783
CC(O)CCC(C)CO,0.8123028874397278
N=C1NC=NC(=N)C=N1,0.7789506316184998
CC1C2C3CC1(C#N)C23,0.7077750563621521
CCCCOCC(C)O,0.9687345027923584
CC(=O)C(O)CCC#N,0.8718892931938171
c1c(onn1)OCC=O,0.9522067308425903
C1C=C2CN=C3NC1C23,0.05280204862356186
CNCc1c(non1)N,0.9754661321640015
CCC1(C)OCC1C#C,0.9456179738044739
C1C2N3CC22CC=CC132,0.99003005027771
COCC1OC(C)C1O,0.9071888327598572
CC12C3C4C=C1CC2N34,0.9801675081253052
CCOCC(CO)OC,0.9722188115119934
N#CC12C3C1N1CC2C31,0.8213525414466858
OC12CCC1OC(=N)C2,0.4280661344528198
CC1CCC2=CNN=C12,0.8143340349197388
N#CC12NC1CC21CC1,0.5528476238250732
CC1OC2CC1C(=O)O2,0.03177332505583763
c1c(nco1)C2COC2,0.30849939584732056
C1Cn2c1nc(n2)O,0.10910201817750931
OCCN1C2C3OC2C13,0.8054177761077881
N=C1OC2C1C=CC2=O,0.9359315037727356
[O-]C1=CC=NC=CC1=[NH2+],0.9500271081924438
C1C2C3C1N2C31COC1,0.9438292384147644
CCC1(C)CC2(C)OC12,0.96976637840271
O=CN1CC2C1C1CN21,0.9453338384628296
OC12COC(C1)CCC2,0.40409523248672485
OC(C=O)C1=CC=NO1,0.4513956308364868
CC1(O)C(=O)COC1=O,0.8827143311500549
C#CC12CC(C1)(C2)C#N,0.6191366314888
COC=NCC(=O)OC,0.9997841715812683
C#Cc1cc(=O)[nH]nc1,0.6752039790153503
OC1CN2CCC12C#N,0.10368797928094864
COC(C#C)C#CC,0.990830659866333
O=C1CC2(O1)C1CCC21,0.8226174712181091
CC(=O)C#CC(O)C#N,0.9221373796463013
CC1CNC(=O)C(C)O1,0.9771316647529602
CC12OCC3C(C=C1)C23,0.8789703249931335
CC1C2C3(C)NC3C12C,0.9072272777557373
CC1(CO1)C#C,0.8005838394165039
CCc1c(c(c[nH]1)N)O,0.742161214351654
c1cnc(=O)[nH]c1N,0.5930565595626831
CCc1c(nc(o1)N)N,0.94732666015625
CC(CC#N)NCC=O,0.49279993772506714
CC1CC2CC2C11CO1,0.4000692069530487
CCC12COC3C1NC23,0.8792494535446167
C#CC12CC1OC2C#N,0.48337194323539734
CC1N(C)C2CC12O,0.7604085803031921
COCC(C#N)C(N)=O,0.9833968281745911
O=C1C=C2CC3C2N13,0.8654912114143372
CCC1CC1(C)CC#N,0.8702502846717834
CN=C1OC(N)=CC=N1,0.8499463200569153
CCCc1cc(co1)C,0.9631231427192688
CC1N2C3C=CC2C13C,0.9511051774024963
CCC1COCC1C,0.7385583519935608
C1CC11C2OC2C11CO1,0.8917620182037354
CC1CN2C=CC=C12,0.8918042778968811
CCOc1cc(no1)N,0.9739335775375366
CCC1=NCC(=O)CO1,0.979470431804657
C1CC2CCC3C1C23,0.9043220281600952
OCC12CC(CC1)O2,0.7265113592147827
OCC(=O)C1OC1C#C,0.9092545509338379
O=C1C(CC11CN1)C#C,0.7166357040405273
CC1(C(N1C=O)(C)C)C,0.9346787333488464
CC12OC1C1C3OC1C23,0.28246569633483887
O=C1C2CC2CC2CN12,0.1400378942489624
CCC(OC)C#C,0.9908198714256287
COC1C2NC2C1=O,0.7144271731376648
O=CN1CC2CC1CO2,0.5421854257583618
CC1=CC(=O)C(C1)(C)C,0.9752930998802185
C#Cc1cncc(n1)N,0.44471776485443115
O=C1CCOC2CC2N1,0.4711340665817261
CCCOCC#CC=O,0.984401524066925
COC1C2C3CC1(C)C23,0.94983971118927
CC(=O)C(O)C#CC#C,0.9719879627227783
CC12NC1C1COCC21,0.6345229148864746
CNc1ncc(=O)[nH]n1,0.777437150478363
c1c(nno1)C2(CC2)O,0.2730323374271393
N#CCCC12CC(C1)C2,0.975721538066864
C#CCn1c(=O)[nH]nn1,0.927734911441803
COC1C2C3CC3C12O,0.49883055686950684
CC1(CC(C1)N2CC2)C,0.9498945474624634
NC1(COC1=N)C1CO1,0.6666243672370911
N#CC12C3CC1CCN23,0.48441237211227417
C1NC1C12CC1OC=N2,0.8994771838188171
CC1CNC1(C)C#N,0.024478048086166382
CC1=C2CC3C2C3(O)C1,0.7857531309127808
CC12OC3CC1N1C3C21,0.9392118453979492
Cn1ncc(n1)N2CC2,0.9159774780273438
CCC1OC2CC1C=C2,0.8053632378578186
CCN=C1C=CON=N1,0.7574321627616882
CN1CC(=CC1=O)CO,0.8299373388290405
CC1(O)C2NC2C1=O,0.21229217946529388
CC#CC1CC1C1CC1,0.19129008054733276
CC1N2CC2CC1(C)O,0.5436042547225952
CCC1CN1CC#C,0.9603695273399353
N=C1OCCC2CCC12,0.5721274614334106
CCC(O)C(O)C(C)C,0.3193991780281067
CC1=CCCC11CC1O,0.9011313319206238
C1OC2C3OCC12C=C3,0.5884462594985962
O=C1CC23OC4C2NC134,0.5484343767166138
CC1C2CC1(C#N)C2C,0.23593153059482574
CC1(CC(=O)C1)C2CC2,0.8441789746284485
c1cc2c(nc1)COC2,0.9630308151245117
CC1C2CC1C2=O,0.9137647747993469
COC1(CCOC1)C#N,0.46696484088897705
C1C2OC3C4NC13C4O2,0.00552481971681118
C1CC1C1C2COC12,0.3495921492576599
CC(=NO)C1COC=N1,0.8831730484962463
CC1C2C(O)C2CC1O,0.022395115345716476
CC12CC1C1C3CN1C23,0.967315673828125
OCC1COCC1=NO,0.7111776471138
CCCNC(=O)OC=N,0.9858333468437195
CC1(CN1)C1(CO1)C=O,0.3001573979854584
CCC(C)(O)C(=O)NC,0.8145997524261475
c1c2c(no1)CN=CO2,0.9719594717025757
CC1(COC1)OCC=O,0.9871297478675842
Cc1c(c(=O)[nH]cn1)N,0.9199990034103394
CC1CC2CCC1C2=O,0.8769664168357849
CC(C)(C)OC(C)(C)C,0.9633568525314331
CC1(CNC(=O)C1=O)C,0.8619812726974487
CC1=CC(=O)C(=O)C1O,0.8601401448249817
CCC1C2OC=NC12C,0.961595356464386
CC(=O)C(CC=O)C#C,0.944042444229126
CC12CC1C(CC=O)O2,0.6690569519996643
N#CCC#CC1CCO1,0.7509737014770508
CC(O)CC1CCC1,0.8875685930252075
C1C(=CC(=O)C1=O)CO,0.9068925976753235
CCC12CCOCC1O2,0.9580050110816956
Cn1cc(cc1C#N)N,0.7158635854721069
CCC(=O)c1ccco1,0.9600287079811096
CC1(C)OC2CC1C=C2,0.6851740479469299
CC12CC1C=CC2C#C,0.7582007050514221
N#CC12CC1C1(CC1)C2,0.5295680165290833
c1cncc(=O)nc1N,0.5281931757926941
CCC1N2CC1(O)C2C,0.8309710621833801
CC(C)C(C)(O)C1CC1,0.25284531712532043
CC12OC1C(=NO)C2O,0.6665909886360168
CC12C3CC1(O)C(=O)N23,0.005249047186225653
C1CC12CCOC2=O,0.9159333109855652
CC12OC3=NCC1C23,0.7414634823799133
OCCN1C=COC1=N,0.8194944262504578
Cc1c(n(nn1)C)C=O,0.9959698915481567
CN1C(CO)C1CCO,0.7179754376411438
CCNc1cc([nH]c1)C,0.8784142136573792
CC(C)N1CC1CCO,0.8110108375549316
O=C1N2CC3C2C13C#N,0.006125007290393114
CC12NC1C1OC21CO,0.5495994687080383
CC1C=CC(O)C2CN12,0.43217748403549194
N=C1CC2COC2CO1,0.853103518486023
OC1C=C2C3C4C1C2N34,0.767859160900116
CN1C(=N)N=CN=C1O,0.4804922044277191
Cc1cn(cc1C#N)C,0.943520724773407
Cc1coc(n1)C2CC2,0.852446436882019
CC12CC3C(O1)C23O,0.09750723838806152
CC1OC11CCCC1C,0.836785078048706
CCc1cn(cn1)C=O,0.4173097014427185
N=C1C=C(ON=N1)C#C,0.637761652469635
N#CC12CC1N1CC2C1,0.2325255125761032
CC1(CO)C2NC2C1=O,0.705897331237793
OC12CC3C1C1CC2N31,0.8147172927856445
Cc1cc(on1)C(=N)N,0.9727369546890259
CC1CC=CC1(C)O,0.5196396112442017
N#CC12CC1N1CCC21,0.654446542263031
CCC(C(C)O)C(C)O,0.7086054086685181
CC12CC1C1(CO)CC21,0.6825385093688965
O=C1CC2C3CC3N12,0.1474771797657013
O=CC12CC(N1)C21CN1,0.35763147473335266
OCC#CC1(CO)CN1,0.0683116763830185
CC(CC1C[NH2+]1)C([O-])=O,0.6431196331977844
CCC1(C)CC2C1N2C,0.9807136654853821
CN1CC2(O)C3NC3C12,0.8274499177932739
CN1N=NC=NC1=N,0.9288101196289062
N=CN1C(=O)CCC1=O,0.9960792660713196
CC1(CO)C2CCC1O2,0.4462701082229614
c1c(c(=O)[nH]nc1O)N,0.37982767820358276
OCC1N=COC11CC1,0.8890323638916016
CN=c1occ(o1)C#N,0.3975549340248108
CCOC1=NCC2NC12,0.7246079444885254
C#Cc1cc(=O)[nH]cn1,0.3604713976383209
CC1=NCC(=N)N1C=O,0.9619859457015991
CC12CC1C(C2)=NO,0.8301599621772766
CC(CC#CC#C)C#C,0.9734603762626648
CCC(C#C)C(C)C#N,0.23710016906261444
c1c2n(cn1)C=CCC2,0.8414666652679443
CC1CCCC1(C)C#C,0.7652065753936768
COC(C)C(C=O)C#N,0.8100095391273499
c1c(=O)nc(on1)C#N,0.4661118686199188
C#CC12C3C4CC1C4N23,0.9766173958778381
CC1CN1C(=O)CO,0.7367794513702393
CCc1cnc(o1)NC,0.9340173602104187
C1C=C2CC=CC3C1C23,0.9795453548431396
OCCC(O)(C#C)C#N,0.32296106219291687
CCOc1[nH]c(cn1)C,0.943450927734375
CNC(C#N)C1NC1C,0.29634934663772583
COC1C(OC)C1(C)O,0.5022366046905518
CC(O)CCOC(C)C,0.9490397572517395
N#CC1N=C2NC3C1C23,0.0027705663815140724
Cc1c(nnn1C)C#C,0.9861339926719666
OCC#CC12CN(C1)C2,0.7811902761459351
CC1OCCCC1CO,0.7948331832885742
O=C1C2C3OC4C3N2C14,0.8882542252540588
O=C1OC(C#C)C2NC12,0.05489841103553772
OCCCCC(O)C#C,0.8798566460609436
c1c(cn(c1O)C=O)N,0.31783971190452576
CC(CC(N)=O)OC=N,0.9937180280685425
CCCc1[nH]ccn1,0.9339421987533569
CC1C2CC2C1CC#N,0.300177663564682
OC1CC11OCC1O,0.28610876202583313
Cn1c2c[nH]cc2nn1,0.894164502620697
O=C1OC2OC1C=C2,0.6273030042648315
CC1C2CC(=O)C(=O)C12,0.7019447684288025
CC(O)C1C2C3OC2C13,0.4982794225215912
C#CC12OC3CCC1C23,0.5720275640487671
OCC1OC(=O)C1O,0.8600932955741882
NC(=[NH2+])C1=CC(=O)N[CH-]1,0.9777155518531799
C1CC(=NO)C1,0.9343093037605286
CCNCC(O)C#N,0.8067701458930969
N#CC1CC2CC=CC12,0.7865146994590759
CC1OC11CCC1(C)C,0.9143484234809875
OCC1CC=CC=CC1,0.4924736022949219
OC1CC2C3OC1C23O,0.047454722225666046
CC(=O)CCC=O,0.960594654083252
CC1C=CCC1C1CC1,0.8385846614837646
CC12CC3CC3(O)C1O2,0.35091760754585266
CC1NC(=O)C2OCC12,0.037723902612924576
c1c(coc1CC#N)N,0.8253715634346008
CC1=C(CCC1)CO,0.9328257441520691
OCCC12COCC1N2,0.4985205829143524
C#CC#Cc1cnno1,0.4880709946155548
COCC(O)CNC=O,0.9247074127197266
CCC1OC(C=C1)=NC,0.9312734007835388
Cc1c(cco1)N,0.9696158170700073
CC(C)C1(CC1C)C=O,0.4507850706577301
CC1CCC11CN2CC12,0.9149105548858643
COC1CC1(C#N)C#N,0.009733525104820728
OCC(C=O)C(O)C=O,0.7209662795066833
CC1OC1C(O)CO,0.7058594226837158
COCCC(C#C)C#N,0.970421552658081
CC(O)C1(C)COCO1,0.9513223171234131
OC1CNC1C#CC=O,0.0481562614440918
OC1C2C3N2C2C1C32O,0.5020118355751038
CC(=O)C1CC2(C)CC12,0.8981301188468933
CN=C1OC(F)=CC=N1,0.8170392513275146
N#CC12CC1NC2,0.04921242967247963
O=C[CH-]C(=O)C1CC[NH2+]1,0.8296507596969604
CC1CC(C)(C1)C=O,0.8501891493797302
CCC1C2CC1(O2)C=O,0.5099208354949951
CC1(COCOC1)C=O,0.8715122938156128
CC1(CC2CN12)C=O,0.42671093344688416
CC(C)C(O)C#CC=O,0.7189200520515442
O=C1CC2CC2NC=C1,0.678981363773346
Cc1c2c(no1)C=CC2,0.8629565238952637
OC12COC34CN(C13)C24,0.8022083044052124
COC(C)C(C=O)C#C,0.8930525779724121
CCN(C)C(C)C#N,0.9629666805267334
CN1C=C2COC2C1=O,0.026165463030338287
CN=C1C(=O)CCN1C,0.9901977777481079
CC12CC1C1C(O)C21C,0.5762439966201782
O1N=CC2=C1ON=N2,0.11567576974630356
C1C2OC1C1=C2COC1,0.02185916155576706
NC1=NCC23CCC12O3,0.6099217534065247
CC12COCC1N1CC21,0.8957179188728333
COC12CC1C=CC2C,0.8943426012992859
CC12OC1CC2(C)C#N,0.15578728914260864
OCCC(O)C#CC#C,0.8971244692802429
N#CC#CCC1CO1,0.90154629945755
CC(C#C)C1=NC=CO1,0.838436484336853
CCOC12CNC1C2O,0.655909538269043
OC12C3CC1CCC23,0.43769150972366333
CC1CC2=CC(=O)CC12,0.6366112232208252
CC1(O)CC(C1)=NO,0.5494582653045654
CN(C=O)c1cnno1,0.8876839280128479
CC(C)CC(C)C(C)=O,0.9454894065856934
OCCC(CO)OC=O,0.8188091516494751
CC1(C)OC(=N)C1N,0.6366539001464844
CCC1(CC(C)=O)CO1,0.9692713022232056
CN=C(C(=O)N)NC=O,0.9935032725334167
CC#Cc1cc[nH]c1,0.824984073638916
CCC(C)(CC#N)C#N,0.6257250905036926
CC1N=C(C)OC2CC12,0.10330293327569962
OCC1(CO1)C1COC1,0.5723716020584106
CC1CC1CCC(C)=O,0.797524631023407
O=CN1C=CCC1C#C,0.9674471020698547
CCC1(C)C2NC2C1=O,0.893258273601532
CCN1C2C1C1CC2O1,0.9487916827201843
C1C2C3C1CN23,0.956666111946106
O=CC1=CC(=O)C2OC12,0.8237890005111694
c1nc(c(o1)C#N)C=O,0.12755662202835083
CN(C=O)C(CN)C#N,0.7252449989318848
NC(C#N)C1(N)COC1,0.08412938565015793
NC(=O)CC(O)CO,0.9549170136451721
CC1=CNC2=C1N=NO2,0.30075326561927795
OC1(CNC1C#N)C#C,0.12587957084178925
C1C2CCOC3CC12C3,0.7788677215576172
CC(=O)C1(C)CNC1=O,0.8862066268920898
COC12CC1C(=N)OC2,0.7080086469650269
CC(=O)CC(=O)C1CC1,0.9272512197494507
CC1C2C1C1(CN1)C2=O,0.909042239189148
C1CC(C1)OCCC=O,0.8114620447158813
CC12CN1CC(O)CC2,0.7048639059066772
C(=O)(C(=O)NC(=N)N)N,0.9996397495269775
CC12OC1(C)C1OCC21,0.15818169713020325
c1c(nc(o1)C(=N)N)N,0.9636496901512146
COC(C#C)C1CCC1,0.9765680432319641
OC12CN(C1)C(C2)C#C,0.8253507018089294
O=C1NC=NC1CC#C,0.487639456987381
COC(=O)C(O)CC=O,0.9983705878257751
CCCC1CN1C(C)=O,0.6742276549339294
CC12CC3OC(C1)C3C2,0.5166666507720947
CN1CC2C(O)C(=O)C12,0.8410255908966064
N=C1CC2NC2C(=O)O1,0.44435206055641174
O=CC1OC1(C=O)C#N,0.797243058681488
C(C#N)OCC(=O)C#N,0.8291866779327393
CC(C)OCC(=O)C,0.9839714765548706
c1coc(=O)nc1C#N,0.10673453658819199
O=CC1OCC2OCC12,0.2757093012332916
c1nc(c(o1)CCO)O,0.13246995210647583
COC(C)C1(O)CC1C,0.5578534007072449
OC1CC1(O)C#CC#N,0.020757855847477913
CC#CC12OC1CC2=O,0.5116525292396545
CC(COC)COC,0.9898167848587036
CC1C2C3OC3C12CO,0.5394465923309326
CC(NC1COC1)C=O,0.1872178167104721
C1C(=NO)C=C(N1)C#N,0.6945968270301819
CN1CCOC2CC12,0.6749228239059448
C#CC1C2OCC12C#C,0.08362267166376114
CC1C(C=O)N1CC#C,0.9394770264625549
CC(C1CN1C)C(N)=O,0.904188334941864
NC1=CN=C(OC=N)O1,0.836759090423584
COC1C(O)CC=C1C,0.6037681102752686
CC(C)C1(CC(=O)C1)O,0.5335225462913513
CCC1C2CCC=CC12,0.8694385290145874
CN1CC2(C)NC2C1=O,0.32229578495025635
CN1CC(C#N)C2CC12,0.7185689210891724
C1CCC2OC3C(C1)C23,0.8080450296401978
COCC1(C)CCC=C1,0.9796891808509827
CC(=NO)CNC(=O)N,0.9874009490013123
N#CCCC1(CN1)C#N,0.15044760704040527
CC1CCOCC1,0.9492021203041077
CC(O)C12NC1CC=C2,0.9633644819259644
COC1(C)COCC1=O,0.9257742166519165
CC(=NC1CCC1)OC,0.9626929759979248
COC1C2CCC12C,0.9077180027961731
CN(C)C(CO)CC#N,0.8528872132301331
CC(=N)N(C=O)C(=O)C,0.9984715580940247
O=C1OC2C(OC12)C#N,0.9558752179145813
c1cn(cc1N)C(=O)N,0.8951635360717773
CC1OC(C=O)C1(C)O,0.7396931648254395
OC1C2CN=C3NC1C23,0.011110732331871986
CCc1cc[nH]c1C=O,0.8726741075515747
CN(C)C12CC1OC2,0.9228612780570984
CC([NH3+])CCC([O-])=O,0.9285795092582703
OC1CN2CCOCC12,0.3474128246307373
CC1CC2OCC2C=C1,0.6359205842018127
CC1CC2=C(N1)N=CN2,0.3461116552352905
O=CC1(CCOC1)C#N,0.09760099649429321
OCC1C2CC2C1CO,0.14792124927043915
CC(O)C1(C)C2CC1O2,0.7447258234024048
OCC1C2CCC1OC2,0.1389610767364502
COC(C#C)C(=O)C#C,0.9825761318206787
C(C1CN1)C1=NCCO1,0.3737819790840149
CC1(CC2(C)CO2)CO1,0.9687793254852295
CC(C)CCCC(=O)C,0.9667120575904846
CC(C)CCC1CO1,0.9121575951576233
CC1OCC1C(O)CO,0.21977132558822632
C1C2CCC12,0.6605948805809021
COC1C2CC1C(=N)O2,0.3936312198638916
CC1C2C3C(C#N)C2N13,0.9164604544639587
C#CCC1(COC1)O,0.8516119718551636
CC1(NC=O)C2CC1C2,0.6989260315895081
CC1OCC11CCOC1,0.9271459579467773
CN1C2CC1(CC2)C=O,0.6302342414855957
NC1COC1C#N,0.165016770362854
c1cnc(nc1N)CO,0.8482892513275146
NC1=CC(=O)C2(O)CC12,0.23345142602920532
COC(C)C(OC)C=O,0.9922537207603455
CC#Cc1nc(co1)O,0.16135334968566895
CCOC(=O)CN1CC1,0.9943231344223022
COC1C=CCCC1O,0.5811477899551392
CC12CC1(CC2=O)C#C,0.5817862749099731
CC1(CC#C)CC1C=O,0.9149953722953796
CC(=O)OC1C2CC1O2,0.8228951692581177
OC1C2CNC(=O)C1O2,0.785901665687561
c1c(nc(nc1F)N)O,0.22624948620796204
CN1CC11CCC1CO,0.9113561511039734
OC1C2(O)CC2C11CO1,0.03722865879535675
CCC12COC1(C)C2C,0.8896811604499817
c1n[nH]c(=O)n1C2CC2,0.5839295387268066
C1OC1C1OCCC=C1,0.8599711060523987
C1CC11C2CCC1CC2,0.9119930863380432
c1cocc1C=O,0.5432207584381104
NC1(C#N)C(O)C1CO,0.007170785218477249
CCC1(OC1C)C(N)=O,0.9739781618118286
CC12C3CC3N1C2C#C,0.9138990640640259
COC1C2C1C(=O)C2O,0.6608331203460693
CC1C2C1C(C#C)C2O,0.26593735814094543
OCC1CC2(CC2O)C1,0.8525028824806213
COC1=NC(C)C2CN12,0.7698914408683777
C1CC1C12CC1CO2,0.4605282247066498
CCC1OC11CC2CC12,0.904137134552002
CC1NC(C=O)C2OC12,0.1879177838563919
CC1COC(=O)C(C)N1,0.08485667407512665
CC(=O)[C-]1C[NH2+]CC1=O,0.9607541561126709
CC1=CCC(C1)C=O,0.7392898797988892
COc1c[nH]nc1OC,0.9693679809570312
COc1cocc1CO,0.8831560015678406
CC1C(O)C2(O)CN1C2,0.17980580031871796
CC12OC1C(CO)C2O,0.03189655765891075
CC12OCC3C1CC23O,0.17572776973247528
C1CC2COC=NC2C1,0.877194344997406
O=CC1CC1CC1CC1,0.8451516628265381
O=C1CCC(O1)C#C,0.9727540612220764
CC1(CN1C1CC1)C#N,0.15466351807117462
CC12C3CN1C(=O)C23O,0.021540433168411255
OC12COC1C(C2)C#N,0.013114998117089272
Cc1c(cccc1F)N,0.975013792514801
COC1(CC1)CCC#N,0.9469359517097473
COC1C=CCC2NC12,0.7106306552886963
NC(=O)C1(CN1)C#N,0.08433374017477036
C[NH2+]C1CC1C([O-])=O,0.5266257524490356
CC1CC2(CO)CC1C2,0.8494791984558105
COC1COC1CC#C,0.9182732701301575
OCC1C(O)C(O)C1O,0.01496573630720377
CC1C=CC2CC1C2,0.8779339790344238
CC1OC(=N)C(C)C1O,0.31515321135520935
CC1C=CC2OCC12,0.39760246872901917
CCC1C2CC(C=O)C12,0.7563225030899048
O=CC1C2CC1(N2)C=O,0.46625813841819763
CC1CC2OC2C(C)O1,0.8980368375778198
CN(C=O)c1cnoc1,0.89776611328125
CC12CCC1(O)COC2,0.6292097568511963
CCC1C2OC1C21CC1,0.9639466404914856
CCC1=NON=CC1=N,0.8983275890350342
CC12CCOCC1N2,0.6457095742225647
OC1CCCC=CC1,0.6556500196456909
CC(O)CC1C2CC1C2,0.42590102553367615
CC(C)(C)C1OCC1O,0.6884443759918213
OC12CC(C1)CCC2,0.9001207947731018
OCC(O)CCC#N,0.5024182200431824
CC1(O)COCOC1=O,0.9137502312660217
CC1OC2C3NC3CC12,0.5210732817649841
CC1N2CC1(O)C2C=O,0.5423206090927124
Cc1c(nccn1)C=O,0.9566499590873718
c1cc(c(nc1)O)O,0.10625635832548141
OC1CC(=O)C(O)C=C1,0.5739224553108215
Cc1ccc(=O)[nH]c1C,0.9520941376686096
OC1C2C3C4CC4C2C13,0.9491617679595947
OC1C2(O)CCC12O,0.03164749965071678
CC#Cc1cc[nH]c1O,0.1920829564332962
C1CN1C(=O)CCO,0.9509873390197754
CCn1c(cc(n1)N)O,0.5504775643348694
CC1(C)CC2C(C#C)C12,0.8165544271469116
OC1C2(O)CCC12C#C,0.17673137784004211
CC1(C)CN1C(=N)C#N,0.736095130443573
Cc1cc2c([nH]1)nco2,0.4334879517555237
c1c2n(nn1)C=CC2=O,0.7948743104934692
COC1(C)CC1C(C)C,0.7834208011627197
CC1CCCCOC1,0.9525418877601624
OCC1CC(=O)C11CO1,0.6037009954452515
CC(=O)C1(CCCC1)O,0.6894062757492065
NC1COC2=C1ON=C2,0.402099072933197
CC#CC(C#C)C1CO1,0.7914724946022034
COC1(C)CC=CC1=O,0.8606262803077698
CC1=C2C3CC3N2C=C1,0.9273567795753479
c1c(nco1)CN2CC2,0.8269481062889099
CC1C(C)C1C1CN1C,0.9151564836502075
CC(=NO)C1CC1O,0.09038510173559189
C#CC1(CN2CC12)C#C,0.27574801445007324
c1c([nH]nn1)COC=O,0.9163551926612854
CC1CNC(=O)NC1C,0.4093635082244873
CC(C)C1(O)C2CC1C2,0.2788756191730499
CC12CC3(C)N1C2C3=O,0.8060637712478638
OCC1CC(CC=O)O1,0.6299290657043457
CC(C)C(CO)C(C)=O,0.8854775428771973
CC(O)C1CCC1=NO,0.6771078109741211
NC(C#N)C#CC#C,0.9372801780700684
C1CC(C1)OC2CC2,0.5032239556312561
N=C1OCCOC1C#N,0.9731472134590149
C1C2C3OC2C2C3N12,0.8090725541114807
CC(C)C1CC11COC1,0.8198584318161011
C1CC23C=CC4C(C24)C13,0.9871357083320618
O=C1OCOC2COC12,0.9943104982376099
CC12CC(O1)C2CC=O,0.4633929431438446
CN1CC2CC12CC#N,0.8223472237586975
CC1(C)CC2CC(=O)N12,0.7299518585205078
CC1COC=NC1(C)C,0.938362717628479
C#CC(OCC#N)C#N,0.9357959628105164
OC(CC1CO1)C1CO1,0.3556019365787506
c1c(c(c(o1)O)N)CO,0.556524395942688
CN1C=CC=CNC1=O,0.8701297640800476
OCC1(O)CC=CC1,0.6971930861473083
O=CCC(C=O)C#C,0.891494631767273
O1C2C3C1C1OC3OC21,0.005767728667706251
CC1(CNC1=O)N1CC1,0.9268625974655151
Cc1cc(=O)c(no1)C,0.8868498206138611
COC12CCC1C1OC21,0.7378989458084106
CC1C2CC(C)COC12,0.6893240809440613
CC#CC(C)CC(N)=O,0.9007619023323059
Cc1c(n[nH]n1)CC=O,0.9186394214630127
COCc1cnoc1N,0.9703516960144043
NC1C2CC1(C#N)C2O,0.11886169761419296
CC(=O)NCCOC=O,0.9895539283752441
C1CC1OCCC=O,0.7579403519630432
CC1OCCC(O1)C#N,0.8326660990715027
CC#CC12CC3OC1C23,0.39026033878326416
CC1CNC(=O)C(=O)C1,0.7798094749450684
CNC(=O)NCC=O,0.9909507036209106
c1c2ncncn2cn1,0.09184519201517105
CC1CC2(CC2C=O)C1,0.9327669143676758
N=C1C=C2CCN2C=N1,0.8650649785995483
N=C1OCOCC2CN12,0.9855853915214539
C1C(=O)NC(=O)CO1,0.9985484480857849
C1CC11C2C3C4C2C1N34,0.9977344274520874
Cc1c(n(nc1N)C)C,0.9991676807403564
C1OC1C12C3CN1CC23,0.6188101768493652
CC(C)(C)C(O)CC=O,0.6146190166473389
O=C1CN2C(C#C)C12,0.9260553121566772
CCC1CC(C)CC1O,0.6642398238182068
CC1=NC(=N)OC=C1F,0.8831853270530701
CC1COC(C)(CO)O1,0.9585310220718384
CC12NC1C1(CN1)C2O,0.3477397561073303
COCC(=N)OC(C)C,0.9931917786598206
CC12CCC1(CC#N)N2,0.8905268311500549
C#CC1=C(CCC1)C=O,0.5586017370223999
N#CC1NC2CCC12,0.40373316407203674
CC1C=C(C)C(O)C1O,0.3081524968147278
c1c(nno1)OC(=O)N,0.9502314329147339
O=C1C2NC(C=C2)C1=O,0.6827489733695984
OC1(C=O)C2CC1C2=O,0.291219025850296
C1NC1C1=NC=NC=C1,0.2608591318130493
C1CCCC2(CC1)CC2,0.9864202737808228
Cc1cc(oc1)C(=O)N,0.9336461424827576
OCCC1CC2CC12,0.6015373468399048
COc1nc(on1)C#N,0.8460862040519714
N#CCC1CO1,0.831480085849762
O=C1[CH-]C(=O)C2CC1[NH2+]2,0.2937614321708679
O=C1NC2CC1C21CC1,0.7056739926338196
CC1C2CC3(C)C2N13,0.9556456804275513
CC1C2OC3C2N1C3=N,0.041806768625974655
CN(C)C(C#C)CC#N,0.9572075605392456
CC(O)C1OCC1=O,0.8923919796943665
COC(C)C(C)N1CC1,0.9590814709663391
CC1(O)C2C3CN3C12C,0.6976446509361267
CCC1(CN=CO1)CC,0.9961943626403809
OCC(O)CC1CCC1,0.8152164816856384
CCCCC(C)C=O,0.8874567151069641
CC1=CC(C)(CC1)C=O,0.9096090793609619
CCN1C=NCC1=O,0.9952380657196045
O=C1OC2C3CC=C1C23,0.18629956245422363
O=CCC1CNC(=O)O1,0.9675896167755127
C1CC1(C#N)OCCO,0.36837807297706604
CN1CC(=NO)C12CC2,0.9105064868927002
CCC1(CC1C=O)OC,0.9246666431427002
OC1CC2(CC2)OC1=N,0.7706887125968933
CC1(O)C2C3CC1(C)N23,0.7782231569290161
CC12CC3(CCCC13)O2,0.9279888272285461
CCC12CC(O1)C2(C)C,0.9189218878746033
C1C2C3NC3C3(CN3)C12,0.8499153256416321
OCC1(O)CC(O)C1O,0.06308595091104507
CCn1cc(cn1)OC,0.9330522418022156
c1cocc-2ncnc12,0.20171873271465302
N=COC(C=O)C#N,0.9953600764274597
Cc1cc(cnc1)NC,0.7797887325286865
CN(CC=O)C(=O)OC,0.9969744682312012
CC1(O)C(N)C1C#N,0.09656254947185516
OC1CC2CCC1C2=O,0.3496173322200775
CC12CCC3N1C2C3=O,0.9372394680976868
c1nc2n(n1)CCCC2,0.83625328540802
CC1=CC2(O)C3CC2C13,0.8437714576721191
CC12CC3C1CC23C,0.7505281567573547
CCC(O)(C#N)C1CO1,0.10827986896038055
OCC(=O)CC1CN1,0.24438007175922394
O=CCC1OC1CC#N,0.8067367076873779
C1C2C1C1C3C4C2C1N34,0.9942405223846436
Cc1cnn(c1)C(=O)C,0.9359392523765564
CCC1CCOCC=C1,0.8689582943916321
OCC12C3CC1C1C3N21,0.9282189607620239
c1c(c(=O)onc1N)F,0.7451175451278687
c1c(n(nc1O)C=O)N,0.45646098256111145
COCCNC(=O)C#C,0.9410648941993713
OCC#CC1CO1,0.8136563301086426
CCc1c(cn[nH]1)NC,0.9247339963912964
OCC1(CC1C#C)C#N,0.16371597349643707
N=C1OC=C(C=C1)C#C,0.8507844805717468
CC(CC1CO1)C#N,0.3273804783821106
O=C1CC2C3C2N2C3C12,0.9880889058113098
CC1C2C(C#C)N2C1=O,0.061723340302705765
C1C2OC3=CC=NN3C12,0.37761566042900085
COCC(C)N=COC,0.982913076877594
CC1(OC2CNC12)C#N,0.019964605569839478
CCC1N=C(C)NC1=N,0.9548995494842529
CC1C2OC3C2C3C1O,0.04033399000763893
CC(C)(C#C)C#CC=O,0.412197083234787
C1OC2CC3CC12C3,0.9190452098846436
c1cc(c(nc1)CO)O,0.5217204689979553
CC1=CC(=CCCC1)C,0.9884704351425171
N=C1OCCC1C1CO1,0.543261706829071
CN=c1cnccnc1,0.8689349889755249
CN(C)C(=O)C(=O)N,0.9899871945381165
CC12CC3(C)C1CC23,0.7010648846626282
CC1C2CC2(C)C1(C)C,0.7877453565597534
CC12C3CCN1CC23O,0.4812573492527008
C1C(O1)(C=O)C=O,0.7912915349006653
CC12CC(O)(C1)C21CO1,0.502819299697876
CC1CC11C=CC2CC12,0.9470223784446716
CN=C1OC2(C)CCC12,0.8964163064956665
OCC1CCC2CN2C1,0.860899806022644
CC1(CC(C1)C#N)C#C,0.29567185044288635
C(C=O)C#CC(=O)C=O,0.9961022138595581
OC(C1CO1)C1CC1O,0.026189470663666725
CC1(CC1(O)C#N)C#N,0.003826518775895238
C#CCC12C3CC1OC23,0.8780429363250732
O=C1CC2CC(=O)C1O2,0.8161167502403259
CC1C2CC1(C=O)C2=O,0.7204622030258179
C1CC=CCOC=NC1,0.9767134785652161
NC1CC1[NH2+]CC([O-])=O,0.677099347114563
C1CC(C1)(C=O)N2CC2,0.9214206337928772
CC12COCC1CC2O,0.2808578610420227
CC(CC=O)C(C)C#N,0.7758062481880188
CCCC1C=CCC1C,0.9381898641586304
O=CCC12CC(O1)C2=O,0.6481370329856873
C(C#CC(=O)C=O)C#N,0.983020544052124
C1CN(C1)C(=O)C2CC2,0.5042616724967957
N=C1OCC2COC1O2,0.731438398361206
CC1C=CC2=C1C=NO2,0.803978443145752
CC1OCC11CC2CC12,0.8235187530517578
CC1(C)COC1CC#C,0.8007683157920837
CC1OC(=N)CC1O,0.8841050267219543
C1C2C=CC3CCC2C13,0.827419638633728
C1CC2OC=NC2C=C1,0.9394130110740662
CCC(OCC#C)C#C,0.9903035759925842
c1[nH]c2c(n1)NC=NC2,0.5275141596794128
CC1(CCO)CCO1,0.9214164018630981
CC12CC3C(N=CO1)C23,0.9594805836677551
Cc1ncc(n1C)C#C,0.9884716272354126
Cn1c2ncnn2nn1,0.5596269369125366
CCC1(C)CC(=O)C=C1,0.9818333983421326
CC(O)CC1OC1C=O,0.762084424495697
Cc1cc(nc(c1)F)O,0.332102507352829
C1CC2(C1)C1C3CC2C13,0.9830649495124817
OC12CC(C1)(C=C2)C#C,0.7960382699966431
CC12CCC1(CO)CC2,0.9736514687538147
COC1C(C)C1OC=O,0.5686995983123779
COCC1NC1C,0.3123786449432373
CC1CCC(=O)C1C=O,0.9023786783218384
COC1OC(=N)NC1=N,0.9966668486595154
CC#CC12COC1C2O,0.00637979106977582
CCC1(CCC=C1)C=O,0.937842071056366
CC1OC(=N)C=CC=C1,0.9898075461387634
O=C1NN=NC=C1,0.5821096897125244
CC(=O)CC1CC1C#C,0.8890029788017273
OCC1CC11OCC=C1,0.8205488324165344
CC(N)(C#N)C1CC1,0.10690917819738388
OC12CC1C1CC2CO1,0.05448759347200394
c1c2n(nc1N)CC=C2,0.9400642514228821
FC1=NNC(=N)NC1=N,0.9649201035499573
Cc1cc(on1)C(=O)N,0.8991358876228333
CC12CC3C(C1)C3C2,0.7952767610549927
OC1C=CC2NC12C=O,0.07367713004350662
O=C1COCC2CN2C1,0.8615842461585999
c1(=O)[nH]nn[nH]1,0.917293131351471
C1OC1C1C2CCC1O2,0.08646291494369507
CCC(CO)C1CCO1,0.4508970081806183
CCC(OC(N)=O)C#C,0.9832724332809448
CC1OCC1C#CCO,0.11166156083345413
c1nc(c2n1CCO2)N,0.909828245639801
Cc1c[nH]c(c1OC)N,0.9791678190231323
c1cn2c(nnc2[nH]1)N,0.5668663382530212
COCCC1(O)CC1C,0.698042094707489
COc1cccnc1,0.8565413355827332
CC(C)n1c(ccn1)N,0.8894380927085876
CC12CN1C1CC2C1,0.6333955526351929
COCc1c(nn[nH]1)O,0.8730370402336121
C1OC2C=CCC3NC123,0.2808140516281128
CCC1CC1C(O)C#N,0.48198091983795166
OC1C2CCC(C#C)C12,0.23996439576148987
CC1=CC2CCN2C1=O,0.6259284615516663
CC1(O)CC2COC2C1,0.09456813335418701
C1CC23NC2CCC3O1,0.8251218795776367
C1C=CC23CC=CC12O3,0.9914391040802002
C1COc2n1nnc2O,0.1763729602098465
CC1CC2COC12C#N,0.019021349027752876
CC(C)N=C1OC2CC12,0.1260480433702469
O=CN1CC(N=C1)C#N,0.8081680536270142
CCC1C2C=CCC12C,0.9256955981254578
CC1(C)C2CC2C1O,0.2668793499469757
C1CC2CC3C1C3C=C2,0.8933138251304626
CC1CCCC2OC2C1,0.8558917045593262
N=C1NC2C1OC21CC1,0.5612826943397522
O=CC12CCC3C1CN23,0.6514628529548645
O=C1NC23CC(C2)C13,0.8734362721443176
CC1C(N)C2(CN12)C#N,0.2406514436006546
CCCN1CC1C1CN1,0.758512020111084
CC1C2CC1C2CC#N,0.28316596150398254
CCC1CCC(O1)C=O,0.8560481667518616
CCC1(C)C(C)C1O,0.803534984588623
CC12CC3C1C2C3C#N,0.831996500492096
CC1=CCOC1(C)CO,0.8553670644760132
C(CC(=O)N)C#CC=O,0.9939178228378296
c1coc(n1)C2(CC2)O,0.3186967968940735
OC1CC2C1C21CCC1,0.8485259413719177
NC(C(N)=[NH2+])C([O-])=O,0.9951883554458618
C1C2CC3C4C2C1N34,0.9724905490875244
OC1CC2CC2C1O,0.10173389315605164
C1OC11CCC2CCC12,0.6744163632392883
CC(C)C1(C)CCC1C,0.826313316822052
OCC(NC=O)C1CO1,0.2228396236896515
OC1CC2OC2C1C#C,0.0461992546916008
CCC1(C)OCC(=N)O1,0.9889737367630005
CNc1c(c[nH]n1)C=O,0.6619430184364319
CC12COC(CO1)C2O,0.5878640413284302
N#CC12CC1C1CC2C1,0.1051020473241806
c1c(c(on1)NC=N)N,0.6990717649459839
N=C1OCCC1CC#C,0.8296259045600891
CC1CC(O)C1CO,0.044901907444000244
OCC1=CCOC2CC12,0.07202406227588654
O=CCN1C2C3NC3C12,0.9884448051452637
CC1=CC2NC1C2=NO,0.49938657879829407
NC1=NCC(OC=N)O1,0.7314819097518921
CC1=CCNC(=O)NC1,0.9842730760574341
c1c2c(on1)COCC2,0.907106876373291
ON=C1C2COC1C2O,0.2567335367202759
N=C1C=NOC(=C1)C#C,0.6325923204421997
CC1C(C2CCO2)N1C,0.8399053812026978
CCC1(CO1)C(C)CO,0.8129881024360657
ON=C1CC2(OC12)C#C,0.74299156665802
CC1C2OCC3(C)C2N13,0.8573926687240601
CC(=O)C1CCC(O)C1,0.3388613164424896
CCc1c[nH]c(n1)C,0.9181205630302429
C(=O)C(=N)N(C=O)C=O,0.9999258518218994
OC1C=CC2C(C=O)C12,0.38857346773147583
CC12CC(C1)C=C2C#N,0.8084766268730164
N=C1OCC2CCOC12,0.16569966077804565
CCC1CCC(O)C1C,0.3691370189189911
Cc1c(n[nH]c1O)C#N,0.2265872061252594
O=CNCC1CCOC1,0.9304126501083374
c1c2c(n[nH]1)NCC2,0.612457275390625
CC1CCC(C)C11CO1,0.41748932003974915
OCC12CC1C(=O)C2O,0.6472967267036438
NC(=O)C1(O)CC1C#N,0.24306151270866394
N#CC1C2CC=CC1N2,0.7228463888168335
CC(=NO)C1=CCOC1,0.08041062206029892
CC1(O)C(OC1=N)C#N,0.2868327498435974
CC1CCC2NC12C#N,0.1262894868850708
CC#CC1C2CN=CN12,0.7651842832565308
N=C1OC2CCOC12,0.6542283892631531
CC12CCN1CC2=O,0.8890269994735718
CCC(CO)C(O)CO,0.651953399181366
CC12C3CN(C13)C21CC1,0.9669838547706604
CC(=O)OC=NCC=O,0.998143196105957
O=CC12CC1CC1CN21,0.2591067850589752
OC1CC11CCCO1,0.835392415523529
OC1C2OCC3CC3C12,0.0718063935637474
OC1C=CC2C1N2C=O,0.6086267828941345
CCC1OC1C#C,0.9497140645980835
CC1COCC2NC12,0.10020081698894501
CC12OC3C1C(C#N)C23,0.57210373878479
C1OC1C12OC1C1NC21,0.6490415930747986
C#CC1OC2CC2C=C1,0.9337770938873291
CC(C)CCCCOC,0.9769943356513977
CCC(C)CO,0.9638639092445374
N#CC1OC2OC1C=C2,0.09581565111875534
N#CC12CC1C1(CN1)C2,0.12343554943799973
CCC(C)(C)C(O)C#N,0.896776020526886
CC1=CC(=O)NC(=N)N1,0.9559708833694458
CC([NH3+])C1NC1C([O-])=O,0.16499608755111694
N#CC12OC(C=C1)C=C2,0.7421002984046936
O=CNC1C2C3OC2C13,0.5486837029457092
CC(C)C1(C)CCC=C1,0.952603816986084
CC1=CON=C(C)C1=N,0.9887754917144775
CC(=O)C1NC1C#N,0.32828593254089355
CC1OC1(C=O)C1CN1,0.20319169759750366
CC1=CNC(=O)C=CC1,0.9081480503082275
C1C2C1C13CN4C1C2C34,0.9619274735450745
OCC12CC3C(C1)C3C2,0.7492039799690247
CC1COC1=NCC#N,0.9024341106414795
CCCOC1C2CC1C2,0.9434709548950195
O=C1C2CC3C2COC13,0.5401660203933716
CC12CC3OC(C1)C23,0.8068770170211792
c1c(onc1N)C#N,0.29002225399017334
C1N2CC3=CCCCC123,0.9499852061271667
C[NH2+]CCC#CC([O-])=O,0.963405430316925
OC12C3C1C1CC3C2C1,0.8278859853744507
CC(C1CC1)C1CO1,0.6284048557281494
CN=c1cnoc(=O)o1,0.9769102334976196
CC1CCOC(O1)C#N,0.6297399401664734
[NH3+]C(CCO)C([O-])=O,0.6971438527107239
C(C#N)C(=O)C#CCO,0.9342327117919922
C1N2CC11N=COC1C2,0.9764566421508789
CC12CN3C1C(CO)C23,0.9488959312438965
C(C#CCNC=O)C#N,0.9724408984184265
C#CCC12NC3C1NC23,0.9801942110061646
CC1C2N=COC2C1=O,0.7673244476318359
CC1=CC2OC2C2CC12,0.4090597927570343
CC1CC(=O)C(C)CO1,0.9032351970672607
OC1CCCOC(=O)C1,0.7496317625045776
C1C=CC23CC=CC12N3,0.9948092699050903
CN1CC1(C)CCC#C,0.9833657145500183
OCC12CN(C1)C2C#C,0.9641200304031372
C1CC11OCC2CC12,0.5463908910751343
C1CC23C1(CC2)CC3,0.9919083714485168
O=CC1CCNC1=O,0.3690052330493927
CC(=N)NC(=O)N,0.9981845021247864
c1cn(cn1)CC2CC2,0.8484760522842407
N=COC1CNC(=O)C1,0.9814808368682861
COC(C)C1C2CCN12,0.973778486251831
CC1=CC(=[NH2+])O[C-]1C#N,0.8732869029045105
OCC1N2CCC12C#N,0.30458492040634155
O=CC(=O)NCC1CN1,0.6651067137718201
OC1COC11CC=CC1,0.9386328458786011
NC(=O)C1OCCC1=O,0.9867565631866455
C1C2OCC3OCOC123,0.8606988787651062
OC1C(CNC1=O)C=O,0.2216542512178421
CCC(=O)C1CCN1C,0.9759488105773926
CCC(C)OC(C)C#N,0.9673811793327332
C#CC1(CC2CC12)C#N,0.04586833715438843
Cc1ccn(c1)C2CC2,0.882353663444519
CC12OC3CC1C=CC23,0.6956852078437805
CC12COCCCC1O2,0.8801731467247009
CC(COC(C)=N)C=O,0.961402952671051
CC(OC=O)C1OC1C,0.9620569944381714
CC1CC2C1C2(C)CO,0.6694762110710144
CC12C3COC1COC23,0.6770095825195312
O=C1CC=C2CCCC12,0.9747645258903503
OC12C3C4C=C1CC2N34,0.8633365035057068
CC(C)C(=NC)NC=O,0.8882169723510742
CC(C)C(C)CCC#N,0.7827925682067871
NC1(CCC2OC12)C#N,0.1332625299692154
CCCC(O)C(C)CC,0.5851343870162964
CCCOC12CC1CC2,0.9133433103561401
O=CN1CC(C#C)C1=O,0.9869411587715149
c1(nc(nc(n1)O)O)O,0.4866127371788025
C1C2C1C1CC2CO1,0.1090523898601532
CCC1=CN=NNC1=N,0.9244620203971863
CCC1C2OC3C2C13O,0.36690711975097656
CC1OC(=N)C(O)C1O,0.578989565372467
C1CC(O1)C1CCCC1,0.8216451406478882
CC12C3C4C(C3C1=O)N24,0.9787259101867676
N=C1NC(=O)N=NO1,0.9605591297149658
O=C1NCC23CC12CC3,0.9792855381965637
CCOC(C)(CC)CO,0.9779185652732849
N#CC1CC2CN3C2C13,0.8058370351791382
O=C1CC2C3C4C(C14)N23,0.9926837086677551
CCOC(C)C1CC1O,0.23054808378219604
COC(C)C#CC=O,0.9842180013656616
CC(=O)Nc1conn1,0.9745508432388306
CCC(O)C(=O)COC,0.9564577341079712
CC12COC3C(CO1)C23,0.15585242211818695
OCC1CC1NCC#N,0.2324446588754654
CC1CCC1C(=O)C#C,0.24533717334270477
COC1C2CCN2C1=O,0.12157420068979263
N=COC(=O)C(=O)C=O,0.9991409778594971
CCCOC(CC)C=O,0.98047935962677
CCOC12CC1C1CC21,0.9333812594413757
CN=COCC1(C)CN1,0.9779344201087952
CC1CC11OC2CCC12,0.6058729887008667
C(CC=O)CC(=O)C=O,0.9806062579154968
C1C2C1C1CC2CCC1,0.745966911315918
CNc1cc([nH]c1)C#C,0.5594552755355835
CC(NC(=O)C=O)C#C,0.9694252014160156
CC1=C(NC=C1)C1CN1,0.5483345985412598
C1OC2CC=CC=CC12,0.7006213665008545
CN(C)c1cnc(o1)O,0.21247655153274536
CNc1cc(cnc1)O,0.35925984382629395
CC1(C)CC2C(C#N)C12,0.6242308020591736
CCCC1C(C)C1C#C,0.9118415713310242
c1coc(=O)c(n1)F,0.2840409278869629
CC(C)C1OC1C(C)O,0.8448559045791626
CC1CC23CC4C2C1C34,0.9695881605148315
CCNC(=O)C1(CC1)C,0.9837701320648193
COC(C)C(=NO)C#C,0.927380383014679
O=CC1N2CC2C11CC1,0.9683051705360413
CC1(C)C2CC2CC1O,0.2990555763244629
CC1C2C3C4C1C4(C)N23,0.9934086799621582
O=C1C2CC2CC11CN1,0.7431548833847046
OC1CC(C2CO2)C1=O,0.6728891730308533
CC1=CCOC(=N)C1=O,0.22666732966899872
CC12CC(CC1O)C2=O,0.32583102583885193
C#CCCc1n[nH]nn1,0.8768967986106873
CCC1CC=CC2CC12,0.9190401434898376
CC(=O)OC(C)(C)C,0.9768968224525452
CC1COC2=C1C=NO2,0.887798011302948
COC1C2CCC1C2=O,0.862977921962738
c1c([nH]nc1N2CC2)N,0.8304454684257507
CC12CC3OC1C1C3N21,0.9128593802452087
CC12C3N=C4NC1C4C23,0.061823345720767975
CC1COC(C)C11CO1,0.6158264875411987
OCC1OC(=N)CC1=O,0.9467765688896179
CC1(OC=N)C2COC12,0.3401268422603607
c1c(nc[nH]1)NC2CC2,0.48703935742378235
CCC1(CCO1)CC,0.9818623661994934
CC(C#C)N1C(C)C1C,0.9438334703445435
CC1C=C(C)COC=N1,0.9841240048408508
CC12CC(O)C1C2CO,0.40236690640449524
COCC1CC2(CO2)C1,0.9750440120697021
N=C1OC2CN3C2C13,0.8530800938606262
CC(O)C1=C(O)NN=C1,0.059323400259017944
CC12CC1OC=NC2,0.9834485650062561
CCC(C)CN1CC1,0.9817337989807129
CC1CC(C#N)C11CO1,0.21672070026397705
O=CCOC12CC1CC2,0.8969878554344177
CCc1c(nn[nH]1)N,0.9494884610176086
CC1=NCC(O)CO1,0.9467089176177979
C1CC12CNC(=O)N2,0.9528253674507141
C#CC12CC1CC1CN21,0.3880904018878937
CC1C2N=COCC12C,0.8042222857475281
CC12CC1C(C)(O)C2O,0.12819691002368927
CN1C2C3CCOC2C13,0.9185306429862976
COC(C)C(O)CC=O,0.8594616055488586
CC1(C(=O)CCO1)C,0.9118808507919312
CC(=O)NC(=NC)N,0.5169669985771179
O=CN1C2COC(=O)C12,0.47123485803604126
c1c2c(no1)OCO2,0.9748650193214417
CC12OC3C4C1C4C23C,0.9817801117897034
O=CC1(CC2CC12)C#N,0.03163433447480202
CC(CC#N)(C#C)C#N,0.24717304110527039
COC(C)CC(C)C#C,0.8904628753662109
CCCC12CC(C1)C2O,0.9595860242843628
CC12C3CN1C2(C)C3=O,0.7744340896606445
CN=C1C=NOC(N)=C1,0.8875225782394409
CN1C2C3C=CC2(O)C13,0.8788168430328369
C1OC2COC1C1OC21,0.7810744047164917
CC1OC1C(C)(C)CO,0.9081380367279053
Cc1nc(no1)C=O,0.9531068801879883
CC(OC=N)C(F)(F)F,0.9844765067100525
CC12OCCC1C1OC21,0.4353761076927185
CN=CNC(=O)N1CC1,0.8963665962219238
CC(C=O)(C=O)C#C,0.18417948484420776
CC1OCC2(CO)OC12,0.8855096101760864
COCCC(O)COC,0.9449535608291626
OC1C2CC(C2)C1C=O,0.40665745735168457
CC(C#N)C1CCCC1,0.9155886173248291
CCC#CC1OCC1=O,0.8999150991439819
CCCC1CCC1,0.9830672144889832
COC1CCC(=O)C=C1,0.9265213012695312
O=C1CC(NC=C1)C#C,0.9538299441337585
OC1(CNC1=N)C#N,0.09685605764389038
NC1(COC1=O)C#N,0.041149359196424484
CCC1(CO)C2COC12,0.7794555425643921
CCNc1c(ocn1)N,0.7368654608726501
CCOC1CCNC1=O,0.9244347214698792
CCC1(NC1(C)C)C#C,0.6441694498062134
N#CC1N=COC11CC1,0.9607716798782349
CC1(CC1C=O)OC=O,0.6651290655136108
CCC(CNC=O)OC,0.9258639812469482
O=C1OC(C#C)C2CC12,0.356163889169693
CC1C2NC2C1(C)C=O,0.6703630685806274
COCC1C(C)C1(C)C,0.8196788430213928
CC1(CCO1)C1CO1,0.9286701679229736
CCCC#N,0.9722168445587158
CC1(C)COC1(C)C#C,0.6348874568939209
C1CC1C1C2C3CC3N12,0.9654273390769958
c12c(nn[nH]1)nn[nH]2,0.4199298620223999
CC12CC3COCC1N23,0.8800628781318665
O=CC1N=COC2CC12,0.0856524258852005
CCC1OCC1CO,0.2763034701347351
CC(=O)NC(CN)C#N,0.4281310439109802
N=C1OCC1CC1CN1,0.16742603480815887
CC(O)C1OCC(C)=C1,0.6821737885475159
CC(=O)C(=N)N(C)C,0.9874948859214783
NC(C#N)C1COCO1,0.23317423462867737
c1c(c(c([nH]1)O)C#N)N,0.22589892148971558
CC12C3C4N3C1C24C#C,0.879684329032898
CC(O)C1(CC1)C(C)O,0.9158748984336853
N=COCC1=CNN=C1,0.8113094568252563
CC1CCC=CCO1,0.5719732642173767
OC1C(=N)NC11COC1,0.021144980564713478
C1OC2C3C4CC(C34)C12,0.6685169339179993
O=CC1CCC2(CO2)C1,0.7887871861457825
N#CC12CC(N1)C1OC21,0.020143963396549225
CC(=O)C1CC1(C)C#N,0.4573584496974945
CC1CCCC(C)(C)O1,0.95061856508255
CN1C2COC(=O)CC12,0.9212923049926758
CC12CC(O1)C2C(N)=O,0.8916250467300415
CCC1OC2CC1C2O,0.22931769490242004
COC(=O)C#CC#N,0.9988542795181274
C1CC(=O)C=C1N,0.9680533409118652
O=CN1C2CC1C(=O)C2,0.8608736991882324
O=C1CC2(CO2)CCN1,0.980970561504364
Cc1[nH]nc(n1)CO,0.9502984881401062
CC#CC1=CNC(=N)O1,0.7281458973884583
CC1OC(CO)C1C,0.7971764206886292
C1CC11C2C3CC1CN23,0.9522549510002136
CN=C1N=NON=C1F,0.7365781664848328
CC1(C)C2C3CN2C13,0.9681803584098816
c1c(n(nn1)C2CC2)O,0.12872254848480225
OCC12CC(C1)OC2=N,0.6564154028892517
CNc1ccc[nH]1,0.7240093350410461
Cc1c(nc(o1)C)NC,0.9558648467063904
CC1(C)CC2C(C#C)N12,0.8884769082069397
COC1C2C3CC1OC23,0.5681515336036682
CC1C2CC(N12)C(N)=O,0.9565457701683044
OCC1(CC2CC2)CO1,0.94772869348526
CCC(O)C1CCC1,0.6906155943870544
CC(C)(C)C1CCOC1,0.8449903726577759
CC(=N)OC1(CC1)C#C,0.9581965208053589
c1c(cncc1N)C#N,0.5259665846824646
C1COCCOCCO1,0.988978922367096
OC1CC(OC1=N)C=O,0.6767740845680237
CC1CN2N=NC(O)=C12,0.17596155405044556
CC1C2(C)CC1(O)C2O,0.3817402124404907
CC1NC(C#C)C1=NO,0.7172898650169373
CC(COCC#C)C#N,0.8865431547164917
CCC(=O)C1OCC1O,0.8944951891899109
Cc1cc(cn1C)C=O,0.9572018980979919
CC12C3CN1CC2C3O,0.1920437067747116
c1cncc(c1F)C=O,0.648377537727356
O=CC1CCCC1C#N,0.1407543569803238
C(CC(=O)CCO)CO,0.9080093502998352
O=C1NC2CC1CCC2,0.7274929881095886
c1n[nH]c2n1c(nn2)N,0.4220736026763916
CC(C)C1OC(C)C1O,0.8274341225624084
C1CN1CCOC(=O)N,0.9873537421226501
COCCCCC#C,0.9866780042648315
CC1=CC2CC1C2(C)O,0.288042277097702
CC1C2C(CN12)C=O,0.8288837671279907
C1CNCC(=O)CN1,0.9062900543212891
CC1(COC1C#N)C=O,0.14347413182258606
CC1(O)C(=N)NCC1=O,0.7705915570259094
OC12C=CC3CC1CC23,0.7892408967018127
O=C1CCC11CC=CC1,0.9809361696243286
OCC1C2CCC1C2O,0.32961416244506836
OC1CC2C3CCC12O3,0.44276779890060425
OC(C#N)C12CC1CC2,0.7543445229530334
NC(=O)CN1C2CC1C2,0.879600465297699
CN1CC=CCC1C#N,0.9302469491958618
OCC1(CC(=O)N1)C#C,0.7864876389503479
CC12CN3C(CO1)C23,0.8751517534255981
C1CC11CC2CCC2=C1,0.9740835428237915
OC12CC1CC=CC=C2,0.7807791233062744
OC1C2OC1C2CC#N,0.2782480716705322
O=CNCC1CN1,0.44068294763565063
CNc1cn(cn1)C=O,0.28792133927345276
OCC12OC(C=C1)C=C2,0.9467365145683289
CC1CCCC=C1C#N,0.42385751008987427
CCC1CC2OC1C2C,0.4898199737071991
CC1CCN(C)C(=O)O1,0.9811537861824036
OC1(C2CN2)C2CCC12,0.3209948241710663
CC1=NC(CC#N)CO1,0.8013734221458435
OC1CC2CC(=O)C2C1,0.290758341550827
OC1COCC2COC12,0.13898490369319916
CC1CC(C)(CC=O)O1,0.9354003071784973
CCC12C(C)C1CC2C,0.883962869644165
CC1(CO)CCC=C1,0.9551377296447754
CC1(COC=NC1)C#N,0.8160346150398254
CN1CC1CC=O,0.8491100668907166
CC1CC(C1)C(=O)CO,0.8716771602630615
CCOC1(C)C2COC12,0.7007049322128296
c1c2n(cn1)CC=C2,0.884526789188385
CCC1NC1C(O)C#N,0.1995442807674408
CC(=O)C1(CO1)C#C,0.9446046352386475
CC12CC(C)(O1)C2(C)C,0.8221877217292786
CN1C(CC#N)C1C#C,0.8642215728759766
OC1C(C#C)C1C1CC1,0.2166205197572708
CC12CC(O)C1C1OC21,0.2716407775878906
OC1C2CCCC1C=C2,0.8958924412727356
CC12CC(C1)CC2C#N,0.8973827362060547
N#CC1CCC(O1)C#N,0.7498926520347595
CC12C(O)C3(O)C1CC23,0.10225611925125122
Cc1cnc(c(=O)o1)F,0.5802813172340393
OCC[NH2+]CC([O-])=O,0.8343170285224915
C1CC2=CCOCC12,0.41259315609931946
CC12CC3OC1(C#N)C23,0.2955264151096344
COCC1CC=CC1C,0.8702740669250488
CN=C1OC=CN=C1F,0.7471930384635925
CC1(COCC(=O)O1)C,0.9655308127403259
OC(C=O)C#CC1CO1,0.8308852910995483
[NH3+]CCC1NC1C([O-])=O,0.3463929295539856
N#CC12COC3CC1C23,0.024808654561638832
CC(C)C1=CCOC1,0.5583667755126953
CN1C2CC11CCOC21,0.9514495134353638
O=C1C(OC11CC1)C#C,0.9151360988616943
OC1C2CCC(O)C1O2,0.18232758343219757
COC12C3CC1OC23C,0.7450106143951416
CC1C2OCC(C=O)C12,0.1452510803937912
N=C1OCC=CCO1,0.8690361976623535
CC(=O)C1COC2CC12,0.5539358854293823
CC(=O)NCCOC,0.9920119643211365
CNC(C)(C#N)C(N)=O,0.3361210823059082
COc1cnc([nH]1)C=O,0.9402194619178772
C1OC23CC4OC2C4C13,0.43766483664512634
CC(C)(CCC=O)O,0.7404153943061829
OC12CC3OC(C1)C3C2,0.11076169461011887
COCCCC#CC#C,0.9926277995109558
CC1C2C3C(=O)N1C23C,0.4155159890651703
OC1(C2CC2)C2CC1O2,0.29119551181793213
COCC12CC1(C)CO2,0.9222683310508728
CC(C)(C)C1CC=CC1,0.9157779216766357
C#CCOCC1CN1,0.5274650454521179
CC#CC(C#N)N1CC1,0.9389916658401489
CC1NC11C2OC2C1O,0.39720743894577026
CN1C2C3CC1C23C#C,0.9170798063278198
OC1COCCNC1=O,0.9381378293037415
CC1CC(O)C(C=O)=C1,0.15773111581802368
c1c2c(on1)COC=N2,0.9420040249824524
CC12CC1(O)C(=O)O2,0.04713590070605278
CC1CC2C(CO)C12,0.4839044213294983
CC1=NCC(O1)(C)C,0.9738339781761169
CC1CC(O1)C1(C)CO1,0.8260147571563721
O=CC12CNC1C2C#N,0.1496131420135498
CC1N(C)C1(C=O)C=O,0.5731412172317505
CC1C2NC2C(C)C1O,0.15383374691009521
c1cc2cnnn2nc1,0.43217721581459045
CC(=NO)CCC(=O)C,0.9450492858886719
O=C(C#N)C1NC1C#N,0.00815263856202364
CC(C)(C)C(C)(O)CO,0.6691168546676636
O=C1CNCC11CN1,0.6341425776481628
COC1C2CC1CCC2,0.9285121560096741
OC1CC1C1CC(=O)C1,0.14208941161632538
CC1(CC#C)CC1C#C,0.9664722681045532
CC1=CC(=NO)C(=N)N1,0.965726912021637
OC1CCC(NC1)C#N,0.16452771425247192
OC12CC3=CCC1(O)C23,0.37159332633018494
NC12C(O)C1OC2=N,0.4160293638706207
O=C1CCC2OCC=C12,0.17483314871788025
c1conc(c1=O)F,0.40554267168045044
C1CC2C=CCCOC12,0.9093562960624695
COc1c(cn[nH]1)O,0.5866594910621643
O=CC12CCC3CC1N23,0.6228629350662231
NC1(CC1C#N)C#N,0.04068731144070625
CCC1C(O)C(=O)C1O,0.7339053153991699
C#CCNC12CC1OC2,0.6363576650619507
CC1=CCNC1=O,0.9838026762008667
c1c([nH]c(=O)[nH]1)CCO,0.5599037408828735
OC12CN3CC=C(C1)C23,0.9009467363357544
OC1C=CC2=C1C=NO2,0.22313953936100006
C1CC11OC2CC=CC12,0.924657940864563
CC#CC(O)COC=N,0.9548681378364563
O=CC1CC2NC12,0.47997283935546875
OC1CC2CC2C2NC12,0.14518819749355316
ON=C1C2C3CCC1C23,0.9379513263702393
CC1(O)CC11CC(=O)N1,0.7432623505592346
CC(C#C)C1(CC1)C#N,0.7357781529426575
CC(=O)CCC1CCC1,0.9678174257278442
CC1CC2OCC12C#C,0.08317489922046661
Cc1[nH]cc(n1)NC=N,0.5112980604171753
CCC#CCCCOC,0.9697247743606567
CC1OC1C(=O)CCO,0.9378454089164734
CC1=CCC(=O)N(C1)C,0.9726904630661011
CC1(O)C2CN2CC1=O,0.4496558606624603
CC1COCC=C1C=O,0.184370756149292
O=C1C2C3C=CN1C23,0.6201390624046326
CC(CO)CCOC=O,0.952577531337738
Cc1cnc([nH]1)OC=O,0.5762698650360107
CC1(COC1)O,0.8356170058250427
C1C2C3COC4C1C4C23,0.7078167200088501
CC1C2CC(NC=O)C12,0.5850700736045837
CCC12C3C1N1CC2C31,0.9890956282615662
CCC(C)CNCC#N,0.947393000125885
O=C1CN2CCOCC12,0.9147580862045288
CC1CC2(O)CCC2=C1,0.8002613186836243
NC(=O)C12CCCC1O2,0.908244788646698
CC(=O)COC(=O)C#N,0.9588379859924316
CC(=O)N(CCO)C=O,0.9892271757125854
[NH2+]=C1NC[C-](C=O)C1=O,0.9667513966560364
c1c(c(c(o1)N)CO)O,0.7975957989692688
[NH3+]CC#C[C-](C#N)C#N,0.4934377670288086
OC1(C#N)C2C3CC1N23,0.06895094364881516
Cc1c[nH]nc1CC=O,0.9440785646438599
N=COCCC#C,0.9928486347198486
Cc1cc(=O)c(c[nH]1)F,0.7536782026290894
OC1=C(F)C=COC1=N,0.5307050347328186
NC(=O)N1C=NOC1=N,0.9733392000198364
[NH3+]CC(C1CN1)C([O-])=O,0.15633216500282288
COCC1C2OC2C1O,0.14307445287704468
C1C=CC23NC12C1OC31,0.9776190519332886
CCC1NC1(C)C(N)=O,0.8382033109664917
C1OC11CC2N=COC12,0.7695066928863525
OC1C2NC1C1CC2O1,0.007604922633618116
CC12C(C#C)C1C1CN21,0.938686728477478
Cc1cc(cc(n1)F)F,0.9539335370063782
C1N2CC11OCCC21,0.9500195384025574
CN=C1OC=CC(O)=C1,0.385367214679718
CC12CC3OC1C3C2O,0.10804419964551926
CCC(=O)C1OCCO1,0.974880039691925
C#Cc1cnc(nc1)N,0.78963702917099
CCCC1CCC1CC,0.9193236827850342
CC12CCC1(CO2)C=O,0.5801927447319031
C1OC23C4C5C4C12NC35,0.9874767661094666
CC(O)C(C)(O)C1CO1,0.36827805638313293
Cn1ncc(n1)C(=O)N,0.9654134511947632
c1c(nc([nH]1)N(=O)=O)N,0.851915717124939
N#CC1=C2CC3C(C1)C23,0.1801440715789795
CC1=CC(C#C)C2OC12,0.4804167151451111
CC1COC2CC(=O)C12,0.7942255139350891
CC12CC(CCO1)C2=O,0.6902798414230347
Cc1cc(cnc1)CO,0.7057047486305237
CCC1C(C)C1(O)C=O,0.27093127369880676
O=CC1CN(C=O)C=C1,0.9430642127990723
c1cnoc1NC=N,0.40171900391578674
C#CCCC(=NO)C#C,0.9415441155433655
CCC1C(=O)COC1=O,0.9769638180732727
